Unnamed: 0,t,Ii,I_ss,V0_Vm,V_E,tms
12000,1.1999999999998845,-3.3009300405455506,3.3009300405455506,-50.0,-50.0,-1.1546319456101628e-10
12001,1.2000999999998845,-3.3009295143503725,3.3009295143503725,-50.0,-50.0,0.09999999988452579
12002,1.2001999999998842,-3.3009289535788486,3.3009289535788486,-50.0,-50.0,0.19999999988429273
12003,1.2002999999998842,-3.300928422647039,3.300928422647039,-50.0,-50.0,0.2999999998842817
12004,1.2003999999998842,-3.3009278400143267,3.3009278400143267,-50.0,-50.0,0.3999999998842707
12005,1.2004999999998842,-3.30092726965537,3.30092726965537,-50.0,-50.0,0.4999999998842597
12006,1.2005999999998842,-3.300926811792277,3.300926811792277,-50.0,-50.0,0.5999999998842487
12007,1.2006999999998842,-3.3009262590391764,3.3009262590391764,-50.0,-50.0,0.6999999998842377
12008,1.2007999999998842,-3.3009256190218794,3.3009256190218794,-50.0,-50.0,0.7999999998842267
12009,1.2008999999998842,-3.300925044517136,3.300925044517136,-50.0,-50.0,0.8999999998842156
12010,1.2009999999998842,-3.300924596068908,3.300924596068908,-50.0,-50.0,0.9999999998842046
12011,1.201099999999884,-3.300924074027297,3.300924074027297,-50.0,-50.0,1.0999999998839716
12012,1.201199999999884,-3.3009234909960683,3.3009234909960683,-50.0,-50.0,1.1999999998839606
12013,1.201299999999884,-3.300922942918633,3.300922942918633,-50.0,-50.0,1.2999999998839495
12014,1.201399999999884,-3.300922426518833,3.300922426518833,-50.0,-50.0,1.3999999998839385
12015,1.201499999999884,-3.300921878296001,3.300921878296001,-50.0,-50.0,1.4999999998841496
12016,1.201599999999884,-3.300921375166361,3.300921375166361,-50.0,-50.0,1.5999999998841385
12017,1.201699999999884,-3.300920784960766,3.300920784960766,-50.0,-50.0,1.6999999998841275
12018,1.201799999999884,-3.300920279461433,3.300920279461433,-50.0,-50.0,1.7999999998841165
12019,1.201899999999884,-3.3009197651667934,3.3009197651667934,-50.0,-50.0,1.8999999998841055
12020,1.201999999999884,-3.300919248500949,3.300919248500949,-50.0,-50.0,1.9999999998840945
12021,1.202099999999884,-3.30091866539262,3.30091866539262,-50.0,-50.0,2.0999999998840835
12022,1.202199999999884,-3.3009181189844523,3.3009181189844523,-50.0,-50.0,2.1999999998840725
12023,1.202299999999884,-3.3009175702695357,3.3009175702695357,-50.0,-50.0,2.2999999998840615
12024,1.202399999999884,-3.300917073332954,3.300917073332954,-50.0,-50.0,2.3999999998840504
12025,1.202499999999884,-3.300916496976221,3.300916496976221,-50.0,-50.0,2.4999999998840394
12026,1.202599999999884,-3.3009159585460446,3.3009159585460446,-50.0,-50.0,2.5999999998840284
12027,1.202699999999884,-3.300915404246589,3.300915404246589,-50.0,-50.0,2.6999999998840174
12028,1.202799999999884,-3.3009149518380667,3.3009149518380667,-50.0,-50.0,2.7999999998840064
12029,1.202899999999884,-3.300914421554499,3.300914421554499,-50.0,-50.0,2.8999999998839954
12030,1.202999999999884,-3.300913846181257,3.300913846181257,-50.0,-50.0,2.9999999998839844
12031,1.203099999999884,-3.3009133340045027,3.3009133340045027,-50.0,-50.0,3.0999999998839733
12032,1.203199999999884,-3.3009128291917142,3.3009128291917142,-50.0,-50.0,3.1999999998839623
12033,1.203299999999884,-3.300912285823469,3.300912285823469,-50.0,-50.0,3.2999999998839513
12034,1.203399999999884,-3.3009117713320038,3.3009117713320038,-50.0,-50.0,3.3999999998839403
12035,1.203499999999884,-3.300911209037512,3.300911209037512,-50.0,-50.0,3.4999999998841513
12036,1.203599999999884,-3.3009106605117897,3.3009106605117897,-50.0,-50.0,3.5999999998841403
12037,1.203699999999884,-3.300910221930359,3.300910221930359,-50.0,-50.0,3.6999999998841293
12038,1.203799999999884,-3.3009096838909797,3.3009096838909797,-50.0,-50.0,3.7999999998841183
12039,1.2038999999998838,-3.3009091245816387,3.3009091245816387,-50.0,-50.0,3.8999999998838852
12040,1.2039999999998838,-3.30090859907,3.30090859907,-50.0,-50.0,3.9999999998838742
12041,1.2040999999998838,-3.300908112453726,3.300908112453726,-50.0,-50.0,4.099999999883863
12042,1.2041999999998838,-3.300907563686231,3.300907563686231,-50.0,-50.0,4.199999999883852
12043,1.2042999999998838,-3.300907047702865,3.300907047702865,-50.0,-50.0,4.299999999883841
12044,1.2043999999998838,-3.3009064734419247,3.3009064734419247,-50.0,-50.0,4.39999999988383
12045,1.2044999999998838,-3.300905954588353,3.300905954588353,-50.0,-50.0,4.499999999883819
12046,1.2045999999998838,-3.300905431251693,3.300905431251693,-50.0,-50.0,4.599999999883808
12047,1.2046999999998838,-3.3009049474137835,3.3009049474137835,-50.0,-50.0,4.699999999883797
12048,1.2047999999998835,-3023.394614671389,3023.394614671389,-150.0,-150.0,4.799999999883564
12049,1.2048999999998835,-2017.326786677688,2017.326786677688,-150.0,-150.0,4.899999999883553
12050,1.2049999999998835,-1394.602858566152,1394.602858566152,-150.0,-150.0,4.999999999883542
12051,1.2050999999998837,-1008.0958384869524,1008.0958384869524,-150.0,-150.0,5.099999999883753
12052,1.2051999999998837,-767.1663365455596,767.1663365455596,-150.0,-150.0,5.199999999883742
12053,1.2052999999998837,-615.9744540557674,615.9744540557674,-150.0,-150.0,5.299999999883731
12054,1.2053999999998837,-520.1187126906077,520.1187126906077,-150.0,-150.0,5.39999999988372
12055,1.2054999999998837,-458.4049002987431,458.4049002987431,-150.0,-150.0,5.499999999883709
12056,1.2055999999998837,-417.7752267918268,417.7752267918268,-150.0,-150.0,5.599999999883698
12057,1.2056999999998836,-390.184404506571,390.184404506571,-150.0,-150.0,5.699999999883687
12058,1.2057999999998836,-370.6751413400714,370.6751413400714,-150.0,-150.0,5.799999999883676
12059,1.2058999999998836,-356.1925385178607,356.1925385178607,-150.0,-150.0,5.899999999883665
12060,1.2059999999998836,-344.8536942830076,344.8536942830076,-150.0,-150.0,5.999999999883654
12061,1.2060999999998836,-335.49773881134684,335.49773881134684,-150.0,-150.0,6.099999999883643
12062,1.2061999999998836,-327.40863089790724,327.40863089790724,-150.0,-150.0,6.199999999883632
12063,1.2062999999998836,-320.1443849902648,320.1443849902648,-150.0,-150.0,6.299999999883621
12064,1.2063999999998836,-313.43186561204544,313.43186561204544,-150.0,-150.0,6.39999999988361
12065,1.2064999999998836,-307.1019743920851,307.1019743920851,-150.0,-150.0,6.499999999883599
12066,1.2065999999998835,-301.04972101473885,301.04972101473885,-150.0,-150.0,6.599999999883588
12067,1.2066999999998835,-295.20962545436475,295.20962545436475,-150.0,-150.0,6.699999999883577
12068,1.2067999999998835,-289.54056318643404,289.54056318643404,-150.0,-150.0,6.799999999883566
12069,1.2068999999998835,-284.0164288627931,284.0164288627931,-150.0,-150.0,6.899999999883555
12070,1.2069999999998835,-278.62038472461853,278.62038472461853,-150.0,-150.0,6.999999999883544
12071,1.2070999999998837,-273.3413166604172,273.3413166604172,-150.0,-150.0,7.099999999883755
12072,1.2071999999998837,-268.1716508351478,268.1716508351478,-150.0,-150.0,7.199999999883744
12073,1.2072999999998837,-263.1060084232513,263.1060084232513,-150.0,-150.0,7.299999999883733
12074,1.2073999999998837,-258.14037609696504,258.14037609696504,-150.0,-150.0,7.399999999883722
12075,1.2074999999998834,-253.27159552115427,253.27159552115427,-150.0,-150.0,7.499999999883489
12076,1.2075999999998834,-248.49704801834545,248.49704801834545,-150.0,-150.0,7.599999999883478
12077,1.2076999999998834,-243.8144601318202,243.8144601318202,-150.0,-150.0,7.699999999883467
12078,1.2077999999998834,-239.22178375833067,239.22178375833067,-150.0,-150.0,7.799999999883456
12079,1.2078999999998834,-234.717122125538,234.717122125538,-150.0,-150.0,7.899999999883445
12080,1.2079999999998834,-230.29868355736863,230.29868355736863,-150.0,-150.0,7.999999999883434
12081,1.2080999999998834,-225.96475325665807,225.96475325665807,-150.0,-150.0,8.099999999883423
12082,1.2081999999998834,-221.71367527984475,221.71367527984475,-150.0,-150.0,8.199999999883412
12083,1.2082999999998834,-217.54384153691768,217.54384153691768,-150.0,-150.0,8.2999999998834
12084,1.2083999999998831,-213.45368456754136,213.45368456754136,-150.0,-150.0,8.399999999883168
12085,1.2084999999998831,-209.44167284145027,209.44167284145027,-150.0,-150.0,8.499999999883157
12086,1.208599999999883,-205.5063081418898,205.5063081418898,-150.0,-150.0,8.599999999883146
12087,1.208699999999883,-201.6461229005762,201.6461229005762,-150.0,-150.0,8.699999999883135
12088,1.2087999999998833,-197.8596791449362,197.8596791449362,-150.0,-150.0,8.799999999883346
12089,1.2088999999998833,-194.1455672064648,194.1455672064648,-150.0,-150.0,8.899999999883335
12090,1.2089999999998833,-190.50240488595784,190.50240488595784,-150.0,-150.0,8.999999999883324
12091,1.2090999999998833,-186.92883682323557,186.92883682323557,-150.0,-150.0,9.099999999883313
12092,1.2091999999998833,-183.42353349837128,183.42353349837128,-150.0,-150.0,9.199999999883302
12093,1.2092999999998832,-179.98519112652747,179.98519112652747,-150.0,-150.0,9.29999999988329
12094,1.2093999999998832,-176.61253087797934,176.61253087797934,-150.0,-150.0,9.39999999988328
12095,1.2094999999998832,-173.30429828985487,173.30429828985487,-150.0,-150.0,9.499999999883268
12096,1.2095999999998832,-170.0592628987486,170.0592628987486,-150.0,-150.0,9.599999999883257
12097,1.2096999999998832,-166.8762179033541,166.8762179033541,-150.0,-150.0,9.699999999883246
12098,1.2097999999998832,-163.7539793640008,163.7539793640008,-150.0,-150.0,9.799999999883235
12099,1.2098999999998832,-160.69138610415254,160.69138610415254,-150.0,-150.0,9.899999999883224
12100,1.2099999999998832,-157.687299024513,157.687299024513,-150.0,-150.0,9.999999999883213
12101,1.2100999999998832,-154.74060086942254,154.74060086942254,-150.0,-150.0,10.099999999883202
12102,1.2101999999998831,-151.8501956755643,151.8501956755643,-150.0,-150.0,10.199999999883191
12103,1.2102999999998831,-149.01500830824546,149.01500830824546,-150.0,-150.0,10.29999999988318
12104,1.2103999999998831,-146.23398444727306,146.23398444727306,-150.0,-150.0,10.39999999988317
12105,1.2104999999998831,-143.5060896032606,143.5060896032606,-150.0,-150.0,10.499999999883158
12106,1.210599999999883,-140.83030919344682,140.83030919344682,-150.0,-150.0,10.599999999883147
12107,1.210699999999883,-138.2056479786495,138.2056479786495,-150.0,-150.0,10.699999999883136
12108,1.210799999999883,-135.6311297222892,135.6311297222892,-150.0,-150.0,10.799999999883125
12109,1.210899999999883,-133.10579692017168,133.10579692017168,-150.0,-150.0,10.899999999883114
12110,1.210999999999883,-130.6287101402638,130.6287101402638,-150.0,-150.0,10.999999999883103
12111,1.211099999999883,-128.1989480894828,128.1989480894828,-150.0,-150.0,11.099999999883092
12112,1.211199999999883,-125.8156070458154,125.8156070458154,-150.0,-150.0,11.199999999883081
12113,1.211299999999883,-123.477800443871,123.477800443871,-150.0,-150.0,11.29999999988307
12114,1.211399999999883,-121.18465866860151,121.18465866860151,-150.0,-150.0,11.39999999988306
12115,1.211499999999883,-118.93532885818964,118.93532885818964,-150.0,-150.0,11.499999999883048
12116,1.211599999999883,-116.72897422500654,116.72897422500654,-150.0,-150.0,11.599999999883037
12117,1.211699999999883,-114.56477412667076,114.56477412667076,-150.0,-150.0,11.699999999883026
12118,1.211799999999883,-112.44192348701353,112.44192348701353,-150.0,-150.0,11.799999999883015
12119,1.211899999999883,-110.35963269114067,110.35963269114067,-150.0,-150.0,11.899999999883004
12120,1.211999999999883,-108.31712714345764,108.31712714345764,-150.0,-150.0,11.999999999882993
12121,1.212099999999883,-106.31364696486976,106.31364696486976,-150.0,-150.0,12.099999999882982
12122,1.212199999999883,-104.34844705845936,104.34844705845936,-150.0,-150.0,12.199999999882971
12123,1.212299999999883,-102.42079623982136,102.42079623982136,-150.0,-150.0,12.29999999988296
12124,1.212399999999883,-100.5299774526794,100.5299774526794,-150.0,-150.0,12.399999999882949
12125,1.212499999999883,-98.67528730895022,98.67528730895022,-150.0,-150.0,12.499999999882938
12126,1.2125999999998829,-96.8560358399218,96.8560358399218,-150.0,-150.0,12.599999999882927
12127,1.2126999999998829,-95.07154632424154,95.07154632424154,-150.0,-150.0,12.699999999882916
12128,1.2127999999998829,-93.32115479084942,93.32115479084942,-150.0,-150.0,12.799999999882905
12129,1.2128999999998828,-91.60421011979852,91.60421011979852,-150.0,-150.0,12.899999999882894
12130,1.2129999999998828,-89.92007360569461,89.92007360569461,-150.0,-150.0,12.999999999882883
12131,1.2130999999998828,-88.26811864116024,88.26811864116024,-150.0,-150.0,13.099999999882872
12132,1.2131999999998828,-86.64773061147835,86.64773061147835,-150.0,-150.0,13.199999999882861
12133,1.2132999999998828,-85.05830678137984,85.05830678137984,-150.0,-150.0,13.29999999988285
12134,1.2133999999998828,-83.4992557012339,83.4992557012339,-150.0,-150.0,13.399999999882839
12135,1.2134999999998828,-81.96999739870684,81.96999739870684,-150.0,-150.0,13.499999999882828
12136,1.2135999999998828,-80.4699628672114,80.4699628672114,-150.0,-150.0,13.599999999882817
12137,1.2136999999998828,-78.99859405025938,78.99859405025938,-150.0,-150.0,13.699999999882806
12138,1.2137999999998828,-77.55534347984755,77.55534347984755,-150.0,-150.0,13.799999999882795
12139,1.2138999999998827,-76.13967408935594,76.13967408935594,-150.0,-150.0,13.899999999882784
12140,1.2139999999998827,-74.75105932650125,74.75105932650125,-150.0,-150.0,13.999999999882773
12141,1.2140999999998827,-73.38898236847085,73.38898236847085,-150.0,-150.0,14.099999999882762
12142,1.2141999999998827,-72.05293643569539,72.05293643569539,-150.0,-150.0,14.19999999988275
12143,1.2142999999998827,-70.74242440674391,70.74242440674391,-150.0,-150.0,14.29999999988274
12144,1.214399999999883,-69.4569586366007,69.4569586366007,-150.0,-150.0,14.39999999988295
12145,1.214499999999883,-68.19606084148032,68.19606084148032,-150.0,-150.0,14.49999999988294
12146,1.2145999999998829,-66.95926182709607,66.95926182709607,-150.0,-150.0,14.599999999882929
12147,1.2146999999998829,-65.74610132400181,65.74610132400181,-150.0,-150.0,14.699999999882918
12148,1.2147999999998826,-64.5561279321719,64.5561279321719,-150.0,-150.0,14.799999999882685
12149,1.2148999999998826,-63.388898793378,63.388898793378,-150.0,-150.0,14.899999999882674
12150,1.2149999999998826,-62.24397949075458,62.24397949075458,-150.0,-150.0,14.999999999882663
12151,1.2150999999998826,-61.12094413751292,61.12094413751292,-150.0,-150.0,15.099999999882652
12152,1.2151999999998826,-60.01937462881398,60.01937462881398,-150.0,-150.0,15.19999999988264
12153,1.2152999999998826,-58.9388610573849,58.9388610573849,-150.0,-150.0,15.29999999988263
12154,1.2153999999998826,-57.87900133325222,57.87900133325222,-150.0,-150.0,15.399999999882619
12155,1.2154999999998826,-56.83940099300839,56.83940099300839,-150.0,-150.0,15.499999999882608
12156,1.2155999999998826,-55.81967313410085,55.81967313410085,-150.0,-150.0,15.599999999882597
12157,1.2156999999998823,-54.819438203733945,54.819438203733945,-150.0,-150.0,15.699999999882364
12158,1.2157999999998823,-53.8383239516605,53.8383239516605,-150.0,-150.0,15.799999999882353
12159,1.2158999999998823,-52.87596524840259,52.87596524840259,-150.0,-150.0,15.899999999882342
12160,1.2159999999998825,-51.93200384252682,51.93200384252682,-150.0,-150.0,15.999999999882553
12161,1.2160999999998825,-51.00608837763127,51.00608837763127,-150.0,-150.0,16.09999999988254
12162,1.2161999999998825,-50.0978743111961,50.0978743111961,-150.0,-150.0,16.19999999988253
12163,1.2162999999998825,-49.20702344222945,49.20702344222945,-150.0,-150.0,16.29999999988252
12164,1.2163999999998825,-48.33320427465532,48.33320427465532,-150.0,-150.0,16.39999999988251
12165,1.2164999999998825,-47.4760914843797,47.4760914843797,-150.0,-150.0,16.499999999882498
12166,1.2165999999998824,-46.6353660478965,46.6353660478965,-150.0,-150.0,16.599999999882485
12167,1.2166999999998824,-45.810714956653776,45.810714956653776,-150.0,-150.0,16.699999999882476
12168,1.2167999999998824,-45.00183117664886,45.00183117664886,-150.0,-150.0,16.799999999882466
12169,1.2168999999998824,-44.20841375440307,44.20841375440307,-150.0,-150.0,16.899999999882453
12170,1.2169999999998824,-43.43016713487941,43.43016713487941,-150.0,-150.0,16.99999999988244
12171,1.2170999999998824,-42.66680163025279,42.66680163025279,-150.0,-150.0,17.09999999988243
12172,1.2171999999998824,-41.91803307382849,41.91803307382849,-150.0,-150.0,17.199999999882422
12173,1.2172999999998824,-41.18358266483532,41.18358266483532,-150.0,-150.0,17.29999999988241
12174,1.2173999999998824,-40.46317696254161,40.46317696254161,-150.0,-150.0,17.399999999882397
12175,1.2174999999998823,-39.75654763476077,39.75654763476077,-150.0,-150.0,17.499999999882387
12176,1.2175999999998823,-39.063431736510175,39.063431736510175,-150.0,-150.0,17.599999999882378
12177,1.2176999999998823,-38.38357113941444,38.38357113941444,-150.0,-150.0,17.699999999882365
12178,1.2177999999998823,-37.716712632769735,37.716712632769735,-150.0,-150.0,17.799999999882353
12179,1.2178999999998823,-37.06260787224896,37.06260787224896,-150.0,-150.0,17.899999999882343
12180,1.2179999999998825,-36.421013432791845,36.421013432791845,-150.0,-150.0,17.999999999882554
12181,1.2180999999998825,-35.79169020906591,35.79169020906591,-150.0,-150.0,18.09999999988254
12182,1.2181999999998825,-35.17440389827869,35.17440389827869,-150.0,-150.0,18.199999999882532
12183,1.2182999999998825,-34.568924656819824,34.568924656819824,-150.0,-150.0,18.299999999882523
12184,1.2183999999998822,-33.9750269507842,33.9750269507842,-150.0,-150.0,18.39999999988229
12185,1.2184999999998822,-33.392489557337555,33.392489557337555,-150.0,-150.0,18.499999999882277
12186,1.2185999999998822,-32.82109555681089,32.82109555681089,-150.0,-150.0,18.599999999882264
12187,1.2186999999998822,-32.26063209546084,32.26063209546084,-150.0,-150.0,18.699999999882255
12188,1.2187999999998822,-31.71089044947249,31.71089044947249,-150.0,-150.0,18.799999999882246
12189,1.2188999999998822,-31.171665792587863,31.171665792587863,-150.0,-150.0,18.899999999882233
12190,1.2189999999998822,-30.642757283452436,30.642757283452436,-150.0,-150.0,18.99999999988222
12191,1.2190999999998822,-30.123967948217487,30.123967948217487,-150.0,-150.0,19.09999999988221
12192,1.2191999999998822,-29.61510438975328,29.61510438975328,-150.0,-150.0,19.199999999882202
12193,1.219299999999882,-29.115977178344146,29.115977178344146,-150.0,-150.0,19.29999999988197
12194,1.219399999999882,-28.626400282348936,28.626400282348936,-150.0,-150.0,19.399999999881956
12195,1.219499999999882,-28.14619132409684,28.14619132409684,-150.0,-150.0,19.499999999881943
12196,1.219599999999882,-27.67517135030044,27.67517135030044,-150.0,-150.0,19.599999999881934
12197,1.219699999999882,-27.21316484266431,27.21316484266431,-150.0,-150.0,19.699999999882145
12198,1.219799999999882,-26.759999785850443,26.759999785850443,-150.0,-150.0,19.799999999882132
12199,1.219899999999882,-26.31550714577261,26.31550714577261,-150.0,-150.0,19.899999999882123
12200,1.219999999999882,-25.87952135543739,25.87952135543739,-150.0,-150.0,19.999999999882114
12201,1.220099999999882,-25.451879955980974,25.451879955980974,-150.0,-150.0,20.0999999998821
12202,1.220199999999882,-25.03242352348466,25.03242352348466,-150.0,-150.0,20.19999999988209
12203,1.220299999999882,-24.6209957564813,24.6209957564813,-150.0,-150.0,20.29999999988208
12204,1.220399999999882,-24.217443391768256,24.217443391768256,-150.0,-150.0,20.39999999988207
12205,1.220499999999882,-23.821615911314577,23.821615911314577,-150.0,-150.0,20.499999999882057
12206,1.220599999999882,-23.433365796151428,23.433365796151428,-150.0,-150.0,20.599999999882044
12207,1.220699999999882,-23.05254830558745,23.05254830558745,-150.0,-150.0,20.699999999882035
12208,1.220799999999882,-22.679021470036425,22.679021470036425,-150.0,-150.0,20.799999999882026
12209,1.220899999999882,-22.312646139744427,22.312646139744427,-150.0,-150.0,20.899999999882013
12210,1.220999999999882,-21.95328557558437,21.95328557558437,-150.0,-150.0,20.999999999882
12211,1.221099999999882,-21.600805862213186,21.600805862213186,-150.0,-150.0,21.09999999988199
12212,1.221199999999882,-21.255075622102066,21.255075622102066,-150.0,-150.0,21.19999999988198
12213,1.221299999999882,-20.91596588868584,20.91596588868584,-150.0,-150.0,21.29999999988197
12214,1.221399999999882,-20.583350169659543,20.583350169659543,-150.0,-150.0,21.399999999881956
12215,1.221499999999882,-20.25710452634166,20.25710452634166,-150.0,-150.0,21.499999999881947
12216,1.221599999999882,-19.93710720631432,19.93710720631432,-150.0,-150.0,21.599999999881938
12217,1.221699999999882,-19.623238916848543,19.623238916848543,-150.0,-150.0,21.699999999882145
12218,1.221799999999882,-19.315382547521896,19.315382547521896,-150.0,-150.0,21.799999999882136
12219,1.221899999999882,-19.013423307927276,19.013423307927276,-150.0,-150.0,21.899999999882127
12220,1.2219999999998818,-18.717248562002748,18.717248562002748,-150.0,-150.0,21.999999999881894
12221,1.2220999999998818,-18.42674772020051,18.42674772020051,-150.0,-150.0,22.09999999988188
12222,1.2221999999998818,-18.141812576719197,18.141812576719197,-150.0,-150.0,22.199999999881868
12223,1.2222999999998818,-17.86233670707194,17.86233670707194,-150.0,-150.0,22.29999999988186
12224,1.2223999999998818,-17.588215853198964,17.588215853198964,-150.0,-150.0,22.39999999988185
12225,1.2224999999998818,-17.319347724665565,17.319347724665565,-150.0,-150.0,22.499999999881837
12226,1.2225999999998818,-17.055631979390323,17.055631979390323,-150.0,-150.0,22.599999999881824
12227,1.2226999999998818,-16.796970266347515,16.796970266347515,-150.0,-150.0,22.699999999881815
12228,1.2227999999998818,-16.54326601800757,16.54326601800757,-150.0,-150.0,22.799999999881805
12229,1.2228999999998815,-16.29442450812357,16.29442450812357,-150.0,-150.0,22.899999999881572
12230,1.2229999999998815,-16.050352896417483,16.050352896417483,-150.0,-150.0,22.99999999988156
12231,1.2230999999998815,-15.810960047370664,15.810960047370664,-150.0,-150.0,23.099999999881547
12232,1.2231999999998815,-15.57615651303492,15.57615651303492,-150.0,-150.0,23.199999999881538
12233,1.2232999999998817,-15.345854810082493,15.345854810082493,-150.0,-150.0,23.29999999988175
12234,1.2233999999998817,-15.119968800853504,15.119968800853504,-150.0,-150.0,23.399999999881736
12235,1.2234999999998817,-14.898414170292297,14.898414170292297,-150.0,-150.0,23.499999999881727
12236,1.2235999999998817,-14.681108194559773,14.681108194559773,-150.0,-150.0,23.599999999881717
12237,1.2236999999998817,-14.4679697054893,14.4679697054893,-150.0,-150.0,23.699999999881705
12238,1.2237999999998816,-14.2589191392035,14.2589191392035,-150.0,-150.0,23.799999999881692
12239,1.2238999999998816,-14.053878322347808,14.053878322347808,-150.0,-150.0,23.899999999881683
12240,1.2239999999998816,-13.852770711203252,13.852770711203252,-150.0,-150.0,23.999999999881673
12241,1.2240999999998816,-13.655521210970702,13.655521210970702,-150.0,-150.0,24.09999999988166
12242,1.2241999999998816,-13.4620560650511,13.4620560650511,-150.0,-150.0,24.199999999881648
12243,1.2242999999998816,-13.272302958926078,13.272302958926078,-150.0,-150.0,24.29999999988164
12244,1.2243999999998816,-13.086191092765883,13.086191092765883,-150.0,-150.0,24.39999999988163
12245,1.2244999999998816,-12.903650786925624,12.903650786925624,-150.0,-150.0,24.499999999881616
12246,1.2245999999998816,-12.724613893012778,12.724613893012778,-150.0,-150.0,24.599999999881604
12247,1.2246999999998816,-12.549013445225372,12.549013445225372,-150.0,-150.0,24.699999999881594
12248,1.2247999999998815,-12.37678384470598,12.37678384470598,-150.0,-150.0,24.799999999881585
12249,1.2248999999998815,-12.20786065187044,12.20786065187044,-150.0,-150.0,24.899999999881572
12250,1.2249999999998815,-12.04218063375134,12.04218063375134,-150.0,-150.0,24.99999999988156
12251,1.2250999999998815,-11.879681992703404,11.879681992703404,-150.0,-150.0,25.09999999988155
12252,1.2251999999998815,-11.720303904387189,11.720303904387189,-150.0,-150.0,25.19999999988154
12253,1.2252999999998817,-11.5639867019817,11.5639867019817,-150.0,-150.0,25.29999999988175
12254,1.2253999999998817,-11.410671907082078,11.410671907082078,-150.0,-150.0,25.39999999988174
12255,1.2254999999998817,-11.260302261132171,11.260302261132171,-150.0,-150.0,25.49999999988173
12256,1.2255999999998817,-11.112821361963242,11.112821361963242,-150.0,-150.0,25.599999999881717
12257,1.2256999999998814,-10.96817413009938,10.96817413009938,-150.0,-150.0,25.699999999881484
12258,1.2257999999998814,-10.826306379373625,10.826306379373625,-150.0,-150.0,25.79999999988147
12259,1.2258999999998814,-10.687165046048596,10.687165046048596,-150.0,-150.0,25.899999999881462
12260,1.2259999999998814,-10.55069800276588,10.55069800276588,-150.0,-150.0,25.999999999881453
12261,1.2260999999998814,-10.416854115165377,10.416854115165377,-150.0,-150.0,26.09999999988144
12262,1.2261999999998814,-10.285583441050807,10.285583441050807,-150.0,-150.0,26.199999999881427
12263,1.2262999999998814,-10.156836644825074,10.156836644825074,-150.0,-150.0,26.29999999988142
12264,1.2263999999998814,-10.030565555518734,10.030565555518734,-150.0,-150.0,26.39999999988141
12265,1.2264999999998814,-9.906722911149831,9.906722911149831,-150.0,-150.0,26.499999999881396
12266,1.2265999999998811,-9.785262291429454,9.785262291429454,-150.0,-150.0,26.599999999881163
12267,1.226699999999881,-9.66613818079994,9.66613818079994,-150.0,-150.0,26.69999999988115
12268,1.226799999999881,-9.549305933729515,9.549305933729515,-150.0,-150.0,26.79999999988114
12269,1.2268999999998813,-9.434721807118674,9.434721807118674,-150.0,-150.0,26.899999999881352
12270,1.2269999999998813,-9.322342792532584,9.322342792532584,-150.0,-150.0,26.99999999988134
12271,1.2270999999998813,-9.212126728463067,9.212126728463067,-150.0,-150.0,27.09999999988133
12272,1.2271999999998813,-9.10403234861696,9.10403234861696,-150.0,-150.0,27.19999999988132
12273,1.2272999999998813,-8.998019218028997,8.998019218028997,-150.0,-150.0,27.299999999881308
12274,1.2273999999998813,-8.894047385921168,8.894047385921168,-150.0,-150.0,27.399999999881295
12275,1.2274999999998812,-8.792077909750523,8.792077909750523,-150.0,-150.0,27.499999999881286
12276,1.2275999999998812,-8.69207257623099,8.69207257623099,-150.0,-150.0,27.599999999881277
12277,1.2276999999998812,-8.593993822084686,8.593993822084686,-150.0,-150.0,27.699999999881264
12278,1.2277999999998812,-8.497804805149089,8.497804805149089,-150.0,-150.0,27.79999999988125
12279,1.2278999999998812,-8.403469465984623,8.403469465984623,-150.0,-150.0,27.899999999881242
12280,1.2279999999998812,-8.310952356169045,8.310952356169045,-150.0,-150.0,27.999999999881233
12281,1.2280999999998812,-8.220218769733831,8.220218769733831,-150.0,-150.0,28.09999999988122
12282,1.2281999999998812,-8.131234575503534,8.131234575503534,-150.0,-150.0,28.199999999881207
12283,1.2282999999998812,-8.043966367294889,8.043966367294889,-150.0,-150.0,28.299999999881198
12284,1.2283999999998811,-7.958381408068382,7.958381408068382,-150.0,-150.0,28.39999999988119
12285,1.2284999999998811,-7.874447402711104,7.874447402711104,-150.0,-150.0,28.499999999881176
12286,1.2285999999998811,-7.79213294591201,7.79213294591201,-150.0,-150.0,28.599999999881163
12287,1.228699999999881,-7.71140701304263,7.71140701304263,-150.0,-150.0,28.699999999881154
12288,1.228799999999881,-7.632239273075118,7.632239273075118,-150.0,-150.0,28.799999999881145
12289,1.228899999999881,-7.554599916401371,7.554599916401371,-150.0,-150.0,28.899999999881132
12290,1.228999999999881,-7.478459720136225,7.478459720136225,-150.0,-150.0,28.99999999988112
12291,1.229099999999881,-7.403790169238463,7.403790169238463,-150.0,-150.0,29.09999999988111
12292,1.229199999999881,-7.330562991694101,7.330562991694101,-150.0,-150.0,29.1999999998811
12293,1.229299999999881,-7.258750693341247,7.258750693341247,-150.0,-150.0,29.299999999881088
12294,1.229399999999881,-7.18832625139036,7.18832625139036,-150.0,-150.0,29.399999999881075
12295,1.229499999999881,-7.119263091790003,7.119263091790003,-150.0,-150.0,29.499999999881066
12296,1.229599999999881,-7.051535225959713,7.051535225959713,-150.0,-150.0,29.599999999881057
12297,1.229699999999881,-6.985117215072239,6.985117215072239,-150.0,-150.0,29.699999999881044
12298,1.229799999999881,-6.919983924412348,6.919983924412348,-150.0,-150.0,29.79999999988103
12299,1.229899999999881,-6.856110823896788,6.856110823896788,-150.0,-150.0,29.89999999988102
12300,1.229999999999881,-6.793473813480476,6.793473813480476,-150.0,-150.0,29.999999999881013
12301,1.230099999999881,-6.732049260106532,6.732049260106532,-150.0,-150.0,30.099999999881
12302,1.230199999999881,-6.671814089623855,6.671814089623855,-150.0,-150.0,30.199999999880987
12303,1.230299999999881,-6.6127454239757375,6.6127454239757375,-150.0,-150.0,30.299999999880978
12304,1.230399999999881,-6.554821033148113,6.554821033148113,-150.0,-150.0,30.39999999988097
12305,1.230499999999881,-6.4980190921252,6.4980190921252,-150.0,-150.0,30.499999999880956
12306,1.230599999999881,-6.44231809515587,6.44231809515587,-150.0,-150.0,30.599999999880943
12307,1.230699999999881,-6.387696958753224,6.387696958753224,-150.0,-150.0,30.699999999880934
12308,1.2307999999998809,-6.334135139705676,6.334135139705676,-150.0,-150.0,30.799999999880924
12309,1.2308999999998809,-6.281612306572437,6.281612306572437,-150.0,-150.0,30.89999999988091
12310,1.2309999999998809,-6.230108650919044,6.230108650919044,-150.0,-150.0,30.9999999998809
12311,1.2310999999998808,-6.179604647070093,6.179604647070093,-150.0,-150.0,31.09999999988089
12312,1.2311999999998808,-6.130081225536252,6.130081225536252,-150.0,-150.0,31.19999999988088
12313,1.2312999999998808,-6.081519642719542,6.081519642719542,-150.0,-150.0,31.299999999880868
12314,1.2313999999998808,-6.03390143639331,6.03390143639331,-150.0,-150.0,31.399999999880855
12315,1.2314999999998808,-5.987208666382145,5.987208666382145,-150.0,-150.0,31.499999999880846
12316,1.2315999999998808,-5.941423574373326,5.941423574373326,-150.0,-150.0,31.599999999880836
12317,1.2316999999998808,-5.896528830878256,5.896528830878256,-150.0,-150.0,31.699999999880824
12318,1.2317999999998808,-5.852507407275266,5.852507407275266,-150.0,-150.0,31.79999999988081
12319,1.2318999999998808,-5.809342677884288,5.809342677884288,-150.0,-150.0,31.8999999998808
12320,1.2319999999998807,-5.767018151292923,5.767018151292923,-150.0,-150.0,31.999999999880792
12321,1.2320999999998807,-5.725517833830867,5.725517833830867,-150.0,-150.0,32.09999999988078
12322,1.2321999999998807,-5.684825927584925,5.684825927584925,-150.0,-150.0,32.19999999988077
12323,1.2322999999998807,-5.644927019212169,5.644927019212169,-150.0,-150.0,32.299999999880754
12324,1.2323999999998807,-5.605805921159338,5.605805921159338,-150.0,-150.0,32.39999999988075
12325,1.2324999999998807,-5.567447684270618,5.567447684270618,-150.0,-150.0,32.499999999880735
12326,1.232599999999881,-5.529837900000412,5.529837900000412,-150.0,-150.0,32.59999999988095
12327,1.232699999999881,-5.492962111128109,5.492962111128109,-150.0,-150.0,32.69999999988094
12328,1.2327999999998809,-5.4568063139508665,5.4568063139508665,-150.0,-150.0,32.799999999880924
12329,1.2328999999998806,-5.421356753592688,5.421356753592688,-150.0,-150.0,32.89999999988069
12330,1.2329999999998806,-5.38659991348291,5.38659991348291,-150.0,-150.0,32.99999999988068
12331,1.2330999999998806,-5.352522588707429,5.352522588707429,-150.0,-150.0,33.099999999880666
12332,1.2331999999998806,-5.319111699612342,5.319111699612342,-150.0,-150.0,33.19999999988066
12333,1.2332999999998806,-5.286354551345372,5.286354551345372,-150.0,-150.0,33.29999999988065
12334,1.2333999999998806,-5.254238679001161,5.254238679001161,-150.0,-150.0,33.399999999880635
12335,1.2334999999998806,-5.22275176033765,5.22275176033765,-150.0,-150.0,33.49999999988063
12336,1.2335999999998806,-5.191881742101717,5.191881742101717,-150.0,-150.0,33.599999999880616
12337,1.2336999999998806,-5.161616934065716,5.161616934065716,-150.0,-150.0,33.6999999998806
12338,1.2337999999998803,-5.131945686409637,5.131945686409637,-150.0,-150.0,33.79999999988037
12339,1.2338999999998803,-5.102856595149776,5.102856595149776,-150.0,-150.0,33.89999999988036
12340,1.2339999999998803,-5.074338572395116,5.074338572395116,-150.0,-150.0,33.999999999880345
12341,1.2340999999998803,-5.046380726968235,5.046380726968235,-150.0,-150.0,34.09999999988034
12342,1.2341999999998805,-5.018972344089567,5.018972344089567,-150.0,-150.0,34.199999999880546
12343,1.2342999999998805,-4.992102857647642,4.992102857647642,-150.0,-150.0,34.29999999988054
12344,1.2343999999998805,-4.965761981884762,4.965761981884762,-150.0,-150.0,34.39999999988053
12345,1.2344999999998805,-4.939939640231885,4.939939640231885,-150.0,-150.0,34.499999999880515
12346,1.2345999999998805,-4.914625854361025,4.914625854361025,-150.0,-150.0,34.5999999998805
12347,1.2346999999998804,-4.889810890027914,4.889810890027914,-150.0,-150.0,34.69999999988049
12348,1.2347999999998804,-4.86548530056398,4.86548530056398,-150.0,-150.0,34.799999999880484
12349,1.2348999999998804,-4.8416395842549385,4.8416395842549385,-150.0,-150.0,34.89999999988047
12350,1.2349999999998804,-4.818264665970198,4.818264665970198,-150.0,-150.0,34.99999999988046
12351,1.2350999999998804,-4.795351485535028,4.795351485535028,-150.0,-150.0,35.09999999988045
12352,1.2351999999998804,-4.772891243227429,4.772891243227429,-150.0,-150.0,35.19999999988044
12353,1.2352999999998804,-4.750875230841516,4.750875230841516,-150.0,-150.0,35.29999999988043
12354,1.2353999999998804,-4.729294904430434,4.729294904430434,-150.0,-150.0,35.399999999880414
12355,1.2354999999998804,-4.708142097336038,4.708142097336038,-150.0,-150.0,35.4999999998804
12356,1.2355999999998803,-4.687408453375588,4.687408453375588,-150.0,-150.0,35.599999999880396
12357,1.2356999999998803,-4.667085997764726,4.667085997764726,-150.0,-150.0,35.69999999988038
12358,1.2357999999998803,-4.647166897096622,4.647166897096622,-150.0,-150.0,35.79999999988037
12359,1.2358999999998803,-4.627643406791499,4.627643406791499,-150.0,-150.0,35.899999999880364
12360,1.2359999999998803,-4.6085079654478776,4.6085079654478776,-150.0,-150.0,35.99999999988035
12361,1.2360999999998803,-4.589753045375774,4.589753045375774,-150.0,-150.0,36.09999999988034
12362,1.2361999999998805,-4.571371522029722,4.571371522029722,-150.0,-150.0,36.199999999880546
12363,1.2362999999998805,-4.553356203855526,4.553356203855526,-150.0,-150.0,36.29999999988054
12364,1.2363999999998805,-4.535700025758529,4.535700025758529,-150.0,-150.0,36.39999999988053
12365,1.2364999999998805,-4.518396088408692,4.518396088408692,-150.0,-150.0,36.499999999880515
12366,1.2365999999998802,-4.501437797932367,4.501437797932367,-150.0,-150.0,36.59999999988028
12367,1.2366999999998802,-4.484818361728261,4.484818361728261,-150.0,-150.0,36.699999999880276
12368,1.2367999999998802,-4.468531351158409,4.468531351158409,-150.0,-150.0,36.799999999880264
12369,1.2368999999998802,-4.452570445154434,4.452570445154434,-150.0,-150.0,36.89999999988025
12370,1.2369999999998802,-4.436929364094911,4.436929364094911,-150.0,-150.0,36.99999999988024
12371,1.2370999999998802,-4.42160195207472,4.42160195207472,-150.0,-150.0,37.099999999880225
12372,1.2371999999998802,-4.406582250723464,4.406582250723464,-150.0,-150.0,37.19999999988022
12373,1.2372999999998802,-4.391864336909512,4.391864336909512,-150.0,-150.0,37.29999999988021
12374,1.2373999999998802,-4.3774424665657135,4.3774424665657135,-150.0,-150.0,37.399999999880194
12375,1.23749999999988,-4.363310917759872,4.363310917759872,-150.0,-150.0,37.49999999987996
12376,1.23759999999988,-4.349464150849824,4.349464150849824,-150.0,-150.0,37.599999999879955
12377,1.23769999999988,-4.335896762266472,4.335896762266472,-150.0,-150.0,37.69999999987994
12378,1.23779999999988,-4.3226032699677255,4.3226032699677255,-150.0,-150.0,37.79999999988015
12379,1.23789999999988,-4.30957856855299,4.30957856855299,-150.0,-150.0,37.89999999988014
12380,1.23799999999988,-4.296817431401506,4.296817431401506,-150.0,-150.0,37.99999999988013
12381,1.23809999999988,-4.284314827140974,4.284314827140974,-150.0,-150.0,38.09999999988012
12382,1.23819999999988,-4.272065775022461,4.272065775022461,-150.0,-150.0,38.199999999880106
12383,1.23829999999988,-4.260065393476048,4.260065393476048,-150.0,-150.0,38.2999999998801
12384,1.23839999999988,-4.248309019991875,4.248309019991875,-150.0,-150.0,38.39999999988009
12385,1.23849999999988,-4.236791928694784,4.236791928694784,-150.0,-150.0,38.499999999880075
12386,1.23859999999988,-4.225509494341608,4.225509494341608,-150.0,-150.0,38.59999999988006
12387,1.23869999999988,-4.214457255283955,4.214457255283955,-150.0,-150.0,38.69999999988005
12388,1.23879999999988,-4.203630815953911,4.203630815953911,-150.0,-150.0,38.79999999988004
12389,1.23889999999988,-4.193025735329476,4.193025735329476,-150.0,-150.0,38.89999999988003
12390,1.23899999999988,-4.182637934078546,4.182637934078546,-150.0,-150.0,38.99999999988002
12391,1.23909999999988,-4.172463142069613,4.172463142069613,-150.0,-150.0,39.09999999988001
12392,1.23919999999988,-4.1624972977524735,4.1624972977524735,-150.0,-150.0,39.19999999988
12393,1.23929999999988,-4.152736378594492,4.152736378594492,-150.0,-150.0,39.29999999987999
12394,1.23939999999988,-4.143176445729793,4.143176445729793,-150.0,-150.0,39.399999999879974
12395,1.23949999999988,-4.133813742231534,4.133813742231534,-150.0,-150.0,39.49999999987996
12396,1.23959999999988,-4.124644340618944,4.124644340618944,-150.0,-150.0,39.599999999879955
12397,1.23969999999988,-4.115664598269162,4.115664598269162,-150.0,-150.0,39.69999999987994
12398,1.23979999999988,-4.106870922648379,4.106870922648379,-150.0,-150.0,39.79999999988016
12399,1.23989999999988,-4.098259692709005,4.098259692709005,-150.0,-150.0,39.899999999880144
12400,1.23999999999988,-4.089827368300226,4.089827368300226,-150.0,-150.0,39.99999999988013
12401,1.24009999999988,-4.081570614123542,4.081570614123542,-150.0,-150.0,40.09999999988012
12402,1.2401999999998798,-4.0734860258135095,4.0734860258135095,-150.0,-150.0,40.199999999879886
12403,1.2402999999998798,-4.065570227344872,4.065570227344872,-150.0,-150.0,40.29999999987987
12404,1.2403999999998798,-4.05782000908483,4.05782000908483,-150.0,-150.0,40.39999999987987
12405,1.2404999999998798,-4.050232242454645,4.050232242454645,-150.0,-150.0,40.499999999879854
12406,1.2405999999998798,-4.042803846183375,4.042803846183375,-150.0,-150.0,40.59999999987984
12407,1.2406999999998798,-4.035531634186752,4.035531634186752,-150.0,-150.0,40.699999999879836
12408,1.2407999999998798,-4.02841266790162,4.02841266790162,-150.0,-150.0,40.79999999987982
12409,1.2408999999998798,-4.021444046151665,4.021444046151665,-150.0,-150.0,40.89999999987981
12410,1.2409999999998798,-4.014622825086262,4.014622825086262,-150.0,-150.0,40.9999999998798
12411,1.2410999999998795,-4.007946143799571,4.007946143799571,-150.0,-150.0,41.099999999879564
12412,1.2411999999998795,-4.00141133590107,4.00141133590107,-150.0,-150.0,41.19999999987955
12413,1.2412999999998795,-3.995015562979125,3.995015562979125,-150.0,-150.0,41.299999999879546
12414,1.2413999999998797,-3.988756223037672,3.988756223037672,-150.0,-150.0,41.39999999987975
12415,1.2414999999998797,-3.982630654601847,3.982630654601847,-150.0,-150.0,41.49999999987975
12416,1.2415999999998797,-3.9766363297567664,3.9766363297567664,-150.0,-150.0,41.599999999879735
12417,1.2416999999998797,-3.970770700519569,3.970770700519569,-150.0,-150.0,41.69999999987972
12418,1.2417999999998797,-3.965031216937087,3.965031216937087,-150.0,-150.0,41.79999999987971
12419,1.2418999999998797,-3.9594156314396423,3.9594156314396423,-150.0,-150.0,41.8999999998797
12420,1.2419999999998796,-3.953921416617141,3.953921416617141,-150.0,-150.0,41.99999999987969
12421,1.2420999999998796,-3.9485462704844463,3.9485462704844463,-150.0,-150.0,42.09999999987968
12422,1.2421999999998796,-3.9432879166999495,3.9432879166999495,-150.0,-150.0,42.199999999879665
12423,1.2422999999998796,-3.938144097727347,3.938144097727347,-150.0,-150.0,42.29999999987966
12424,1.2423999999998796,-3.933112651945319,3.933112651945319,-150.0,-150.0,42.39999999987965
12425,1.2424999999998796,-3.928191334065304,3.928191334065304,-150.0,-150.0,42.499999999879634
12426,1.2425999999998796,-3.92337810083893,3.92337810083893,-150.0,-150.0,42.59999999987962
12427,1.2426999999998796,-3.918670845466716,3.918670845466716,-150.0,-150.0,42.69999999987961
12428,1.2427999999998796,-3.914067474083244,3.914067474083244,-150.0,-150.0,42.7999999998796
12429,1.2428999999998795,-3.9095660359979374,3.9095660359979374,-150.0,-150.0,42.89999999987959
12430,1.2429999999998795,-3.9051646843457695,3.9051646843457695,-150.0,-150.0,42.99999999987958
12431,1.2430999999998795,-3.9008613188530736,3.9008613188530736,-150.0,-150.0,43.09999999987957
12432,1.2431999999998795,-3.896654095433856,3.896654095433856,-150.0,-150.0,43.19999999987956
12433,1.2432999999998795,-3.892541195579532,3.892541195579532,-150.0,-150.0,43.299999999879546
12434,1.2433999999998795,-3.8885207827339103,3.8885207827339103,-150.0,-150.0,43.39999999987953
12435,1.2434999999998797,-3.884591081725662,3.884591081725662,-150.0,-150.0,43.49999999987975
12436,1.2435999999998797,-3.880750316956176,3.880750316956176,-150.0,-150.0,43.599999999879735
12437,1.2436999999998797,-3.876996796220973,3.876996796220973,-150.0,-150.0,43.69999999987972
12438,1.2437999999998794,-3.873328872875528,3.873328872875528,-150.0,-150.0,43.79999999987949
12439,1.2438999999998794,-3.8697448383890287,3.8697448383890287,-150.0,-150.0,43.89999999987948
12440,1.2439999999998794,-3.866243070710445,3.866243070710445,-150.0,-150.0,43.99999999987947
12441,1.2440999999998794,-3.8628220794536254,3.8628220794536254,-150.0,-150.0,44.09999999987946
12442,1.2441999999998794,-3.8594801686972833,3.8594801686972833,-150.0,-150.0,44.199999999879445
12443,1.2442999999998794,-3.85621591946512,3.85621591946512,-150.0,-150.0,44.29999999987943
12444,1.2443999999998794,-3.853027781644965,3.853027781644965,-150.0,-150.0,44.39999999987943
12445,1.2444999999998794,-3.849914321896224,3.849914321896224,-150.0,-150.0,44.499999999879414
12446,1.2445999999998794,-3.846874058127064,3.846874058127064,-150.0,-150.0,44.5999999998794
12447,1.2446999999998791,-3.84390554577413,3.84390554577413,-150.0,-150.0,44.69999999987917
12448,1.2447999999998791,-3.84100753613506,3.84100753613506,-150.0,-150.0,44.79999999987916
12449,1.244899999999879,-3.83817850423356,3.83817850423356,-150.0,-150.0,44.89999999987915
12450,1.244999999999879,-3.835417188803381,3.835417188803381,-150.0,-150.0,44.99999999987914
12451,1.2450999999998793,-3.8327223060648143,3.8327223060648143,-150.0,-150.0,45.099999999879344
12452,1.2451999999998793,-3.830092603003023,3.830092603003023,-150.0,-150.0,45.19999999987934
12453,1.2452999999998793,-3.8275266832011967,3.8275266832011967,-150.0,-150.0,45.299999999879326
12454,1.2453999999998793,-3.825023448728004,3.825023448728004,-150.0,-150.0,45.39999999987931
12455,1.2454999999998793,-3.82258161883621,3.82258161883621,-150.0,-150.0,45.49999999987931
12456,1.2455999999998792,-3.8202000346167178,3.8202000346167178,-150.0,-150.0,45.599999999879294
12457,1.2456999999998792,-3.817877492107761,3.817877492107761,-150.0,-150.0,45.69999999987928
12458,1.2457999999998792,-3.815612827358194,3.815612827358194,-150.0,-150.0,45.79999999987927
12459,1.2458999999998792,-3.81340506779286,3.81340506779286,-150.0,-150.0,45.899999999879256
12460,1.2459999999998792,-3.811252937381245,3.811252937381245,-150.0,-150.0,45.99999999987925
12461,1.2460999999998792,-3.8091554178939018,3.8091554178939018,-150.0,-150.0,46.09999999987924
12462,1.2461999999998792,-3.807111495548873,3.807111495548873,-150.0,-150.0,46.199999999879225
12463,1.2462999999998792,-3.805120096893505,3.805120096893505,-150.0,-150.0,46.29999999987922
12464,1.2463999999998792,-3.8031801726774703,3.8031801726774703,-150.0,-150.0,46.399999999879206
12465,1.2464999999998791,-3.801290774389058,3.801290774389058,-150.0,-150.0,46.49999999987919
12466,1.2465999999998791,-3.799450892108288,3.799450892108288,-150.0,-150.0,46.59999999987918
12467,1.2466999999998791,-3.7976596015611737,3.7976596015611737,-150.0,-150.0,46.69999999987917
12468,1.2467999999998791,-3.795915908971348,3.795915908971348,-150.0,-150.0,46.79999999987916
12469,1.246899999999879,-3.7942189411522738,3.7942189411522738,-150.0,-150.0,46.89999999987915
12470,1.246999999999879,-3.792567760714545,3.792567760714545,-150.0,-150.0,46.99999999987914
12471,1.247099999999879,-3.790961412017234,3.790961412017234,-150.0,-150.0,47.09999999987913
12472,1.247199999999879,-3.7893991438983927,3.7893991438983927,-150.0,-150.0,47.19999999987912
12473,1.247299999999879,-3.787880084945046,3.787880084945046,-150.0,-150.0,47.299999999879105
12474,1.247399999999879,-3.786403351003616,3.786403351003616,-150.0,-150.0,47.39999999987909
12475,1.247499999999879,-3.784968079160894,3.784968079160894,-150.0,-150.0,47.49999999987908
12476,1.247599999999879,-3.7835735527520047,3.7835735527520047,-150.0,-150.0,47.599999999879074
12477,1.247699999999879,-3.782218910349734,3.782218910349734,-150.0,-150.0,47.69999999987906
12478,1.247799999999879,-3.780903422688544,3.780903422688544,-150.0,-150.0,47.79999999987905
12479,1.247899999999879,-3.779626282054737,3.779626282054737,-150.0,-150.0,47.89999999987904
12480,1.247999999999879,-3.7783867772865,3.7783867772865,-150.0,-150.0,47.99999999987903
12481,1.248099999999879,-3.777184190779575,3.777184190779575,-150.0,-150.0,48.09999999987902
12482,1.248199999999879,-3.776017691048248,3.776017691048248,-150.0,-150.0,48.199999999879005
12483,1.248299999999879,-3.7748867382250846,3.7748867382250846,-150.0,-150.0,48.29999999987899
12484,1.248399999999879,-3.7737905347019622,3.7737905347019622,-150.0,-150.0,48.399999999878986
12485,1.248499999999879,-3.7727284251280753,3.7727284251280753,-150.0,-150.0,48.49999999987897
12486,1.248599999999879,-3.771699728596019,3.771699728596019,-150.0,-150.0,48.59999999987896
12487,1.248699999999879,-3.7707037837926864,3.7707037837926864,-150.0,-150.0,48.699999999878955
12488,1.248799999999879,-3.769740047671847,3.769740047671847,-150.0,-150.0,48.79999999987894
12489,1.2488999999998789,-3.768807747379416,3.768807747379416,-150.0,-150.0,48.89999999987893
12490,1.2489999999998789,-3.7679063482174544,3.7679063482174544,-150.0,-150.0,48.999999999878916
12491,1.2490999999998789,-3.767035250818853,3.767035250818853,-150.0,-150.0,49.099999999878904
12492,1.2491999999998789,-3.76619379926107,3.76619379926107,-150.0,-150.0,49.1999999998789
12493,1.2492999999998788,-3.7653814500634697,3.7653814500634697,-150.0,-150.0,49.299999999878885
12494,1.2493999999998788,-3.7645977349659465,3.7645977349659465,-150.0,-150.0,49.39999999987887
12495,1.2494999999998788,-3.7638419579685607,3.7638419579685607,-150.0,-150.0,49.49999999987887
12496,1.2495999999998788,-3.7631136005495134,3.7631136005495134,-150.0,-150.0,49.599999999878854
12497,1.2496999999998788,-3.762412130803312,3.762412130803312,-150.0,-150.0,49.69999999987884
12498,1.2497999999998788,-3.7617370124262486,3.7617370124262486,-150.0,-150.0,49.79999999987883
12499,1.2498999999998788,-3.761087786874725,3.761087786874725,-150.0,-150.0,49.899999999878816
12500,1.2499999999998788,-3.760463839955311,3.760463839955311,-150.0,-150.0,49.99999999987881
12501,1.2500999999998788,-3.7598647336261135,3.7598647336261135,-150.0,-150.0,50.0999999998788
12502,1.2501999999998787,-3.759290019563169,3.759290019563169,-150.0,-150.0,50.199999999878784
12503,1.2502999999998787,-3.7587391608495024,3.7587391608495024,-150.0,-150.0,50.29999999987878
12504,1.2503999999998787,-3.758211657919604,3.758211657919604,-150.0,-150.0,50.399999999878766
12505,1.2504999999998787,-3.757707159990759,3.757707159990759,-150.0,-150.0,50.49999999987875
12506,1.2505999999998787,-3.75722510070262,3.75722510070262,-150.0,-150.0,50.59999999987874
12507,1.250699999999879,-3.756765106651088,3.756765106651088,-150.0,-150.0,50.699999999878955
12508,1.250799999999879,-3.756326702615069,3.756326702615069,-150.0,-150.0,50.79999999987894
12509,1.2508999999998789,-3.755909504779582,3.755909504779582,-150.0,-150.0,50.89999999987893
12510,1.2509999999998789,-3.7555130683925104,3.7555130683925104,-150.0,-150.0,50.99999999987892
12511,1.2510999999998786,-3.755136907460868,3.755136907460868,-150.0,-150.0,51.09999999987869
12512,1.2511999999998786,-3.754780797461984,3.754780797461984,-150.0,-150.0,51.19999999987868
12513,1.2512999999998786,-3.7544441964470576,3.7544441964470576,-150.0,-150.0,51.299999999878665
12514,1.2513999999998786,-3.754126745592619,3.754126745592619,-150.0,-150.0,51.39999999987865
12515,1.2514999999998786,-3.753828073793704,3.753828073793704,-150.0,-150.0,51.49999999987864
12516,1.2515999999998786,-3.753547799300376,3.753547799300376,-150.0,-150.0,51.599999999878634
12517,1.2516999999998786,-3.7532855948131294,3.7532855948131294,-150.0,-150.0,51.69999999987862
12518,1.2517999999998786,-3.753041098994306,3.753041098994306,-150.0,-150.0,51.79999999987861
12519,1.2518999999998786,-3.752813920329987,3.752813920329987,-150.0,-150.0,51.8999999998786
12520,1.2519999999998783,-3.752603753564749,3.752603753564749,-150.0,-150.0,51.99999999987837
12521,1.2520999999998783,-3.7524102221837,3.7524102221837,-150.0,-150.0,52.09999999987836
12522,1.2521999999998783,-3.7522329432606174,3.7522329432606174,-150.0,-150.0,52.199999999878344
12523,1.2522999999998785,-3.752071769389946,3.752071769389946,-150.0,-150.0,52.29999999987855
12524,1.2523999999998785,-3.7519262105055047,3.7519262105055047,-150.0,-150.0,52.399999999878546
12525,1.2524999999998785,-3.75179599720644,3.75179599720644,-150.0,-150.0,52.49999999987853
12526,1.2525999999998785,-3.751680854921685,3.751680854921685,-150.0,-150.0,52.59999999987852
12527,1.2526999999998785,-3.7515804618468143,3.7515804618468143,-150.0,-150.0,52.699999999878514
12528,1.2527999999998785,-3.751494528411752,3.751494528411752,-150.0,-150.0,52.7999999998785
12529,1.2528999999998784,-3.7514227378968177,3.7514227378968177,-150.0,-150.0,52.89999999987849
12530,1.2529999999998784,-3.7513648276222273,3.7513648276222273,-150.0,-150.0,52.999999999878476
12531,1.2530999999998784,-3.751320553626901,3.751320553626901,-150.0,-150.0,53.09999999987846
12532,1.2531999999998784,-3.7512895837768663,3.7512895837768663,-150.0,-150.0,53.19999999987846
12533,1.2532999999998784,-3.751271646208868,3.751271646208868,-150.0,-150.0,53.299999999878445
12534,1.2533999999998784,-3.751266573801933,3.751266573801933,-150.0,-150.0,53.39999999987843
12535,1.2534999999998784,-3.751274014694912,3.751274014694912,-150.0,-150.0,53.499999999878426
12536,1.2535999999998784,-3.751293702134165,3.751293702134165,-150.0,-150.0,53.59999999987841
12537,1.2536999999998784,-3.751325423189989,3.751325423189989,-150.0,-150.0,53.6999999998784
12538,1.2537999999998783,-3.751368957162286,3.751368957162286,-150.0,-150.0,53.79999999987839
12539,1.2538999999998783,-3.7514240491242106,3.7514240491242106,-150.0,-150.0,53.899999999878375
12540,1.2539999999998783,-3.7514904620537024,3.7514904620537024,-150.0,-150.0,53.99999999987837
12541,1.2540999999998783,-3.7515679536778537,3.7515679536778537,-150.0,-150.0,54.09999999987836
12542,1.2541999999998783,-3.751656334810651,3.751656334810651,-150.0,-150.0,54.199999999878344
12543,1.2542999999998783,-3.751755330678416,3.751755330678416,-150.0,-150.0,54.29999999987834
12544,1.2543999999998785,-3.7518647408996553,3.7518647408996553,-150.0,-150.0,54.399999999878546
12545,1.2544999999998785,-3.7519844198233465,3.7519844198233465,-150.0,-150.0,54.49999999987853
12546,1.2545999999998785,-3.752114022857174,3.752114022857174,-150.0,-150.0,54.59999999987852
12547,1.2546999999998782,-3.752253481113289,3.752253481113289,-150.0,-150.0,54.69999999987829
12548,1.2547999999998782,-3.752402523892825,3.752402523892825,-150.0,-150.0,54.79999999987828
12549,1.2548999999998782,-3.7525609830178457,3.7525609830178457,-150.0,-150.0,54.89999999987827
12550,1.2549999999998782,-3.752728627110348,3.752728627110348,-150.0,-150.0,54.999999999878256
12551,1.2550999999998782,-3.752905246341357,3.752905246341357,-150.0,-150.0,55.09999999987825
12552,1.2551999999998782,-3.7530908026181935,3.7530908026181935,-150.0,-150.0,55.19999999987824
12553,1.2552999999998782,-3.753284938684756,3.753284938684756,-150.0,-150.0,55.299999999878224
12554,1.2553999999998782,-3.753487536458177,3.753487536458177,-150.0,-150.0,55.39999999987821
12555,1.2554999999998782,-3.753698465127124,3.753698465127124,-150.0,-150.0,55.4999999998782
12556,1.255599999999878,-3.753917517499629,3.753917517499629,-150.0,-150.0,55.599999999877966
12557,1.255699999999878,-3.7541445198853247,3.7541445198853247,-150.0,-150.0,55.69999999987796
12558,1.255799999999878,-3.7543792404532943,3.7543792404532943,-150.0,-150.0,55.79999999987795
12559,1.255899999999878,-3.754621659010492,3.754621659010492,-150.0,-150.0,55.899999999877934
12560,1.255999999999878,-3.754871565917336,3.754871565917336,-150.0,-150.0,55.99999999987815
12561,1.256099999999878,-3.7551287643967446,3.7551287643967446,-150.0,-150.0,56.099999999878136
12562,1.256199999999878,-3.755393090302697,3.755393090302697,-150.0,-150.0,56.19999999987812
12563,1.256299999999878,-3.755664509309997,3.755664509309997,-150.0,-150.0,56.29999999987811
12564,1.256399999999878,-3.755942717541084,3.755942717541084,-150.0,-150.0,56.399999999878105
12565,1.256499999999878,-3.756227637824791,3.756227637824791,-150.0,-150.0,56.49999999987809
12566,1.256599999999878,-3.756519176524896,3.756519176524896,-150.0,-150.0,56.59999999987808
12567,1.256699999999878,-3.756817146996791,3.756817146996791,-150.0,-150.0,56.699999999878074
12568,1.256799999999878,-3.757121372768655,3.757121372768655,-150.0,-150.0,56.79999999987806
12569,1.256899999999878,-3.757431810440684,3.757431810440684,-150.0,-150.0,56.89999999987805
12570,1.256999999999878,-3.757748259069298,3.757748259069298,-150.0,-150.0,56.999999999878035
12571,1.257099999999878,-3.758070637675597,3.758070637675597,-150.0,-150.0,57.09999999987802
12572,1.257199999999878,-3.758398774868058,3.758398774868058,-150.0,-150.0,57.19999999987802
12573,1.257299999999878,-3.758732583459718,3.758732583459718,-150.0,-150.0,57.299999999878004
12574,1.257399999999878,-3.7590719573239264,3.7590719573239264,-150.0,-150.0,57.39999999987799
12575,1.257499999999878,-3.759416666267054,3.759416666267054,-150.0,-150.0,57.499999999877986
12576,1.257599999999878,-3.7597667588946178,3.7597667588946178,-150.0,-150.0,57.59999999987797
12577,1.257699999999878,-3.7601220153569863,3.7601220153569863,-150.0,-150.0,57.69999999987796
12578,1.257799999999878,-3.760482340626327,3.760482340626327,-150.0,-150.0,57.79999999987795
12579,1.257899999999878,-3.760847614598754,3.760847614598754,-150.0,-150.0,57.899999999877934
12580,1.257999999999878,-3.761217717720472,3.761217717720472,-150.0,-150.0,57.99999999987815
12581,1.258099999999878,-3.7615926193824354,3.7615926193824354,-150.0,-150.0,58.099999999878136
12582,1.258199999999878,-3.761972179004372,3.761972179004372,-150.0,-150.0,58.19999999987813
12583,1.2582999999998778,-3.76235626082212,3.76235626082212,-150.0,-150.0,58.2999999998779
12584,1.2583999999998778,-3.762744809995182,3.762744809995182,-150.0,-150.0,58.399999999877885
12585,1.2584999999998778,-3.763137712644367,3.763137712644367,-150.0,-150.0,58.49999999987787
12586,1.2585999999998778,-3.763534786659262,3.763534786659262,-150.0,-150.0,58.59999999987786
12587,1.2586999999998778,-3.7639361167199534,3.7639361167199534,-150.0,-150.0,58.699999999877846
12588,1.2587999999998778,-3.764341473917226,3.764341473917226,-150.0,-150.0,58.79999999987784
12589,1.2588999999998778,-3.764750797642649,3.764750797642649,-150.0,-150.0,58.89999999987783
12590,1.2589999999998778,-3.765164004830649,3.765164004830649,-150.0,-150.0,58.999999999877815
12591,1.2590999999998778,-3.7655809995341616,3.7655809995341616,-150.0,-150.0,59.09999999987781
12592,1.2591999999998778,-3.766001754522401,3.766001754522401,-150.0,-150.0,59.1999999998778
12593,1.2592999999998775,-3.7664260809208527,3.7664260809208527,-150.0,-150.0,59.29999999987756
12594,1.2593999999998775,-3.766853956221635,3.766853956221635,-150.0,-150.0,59.39999999987755
12595,1.2594999999998775,-3.7672853400118544,3.7672853400118544,-150.0,-150.0,59.49999999987754
12596,1.2595999999998777,-3.7677200960104775,3.7677200960104775,-150.0,-150.0,59.59999999987775
12597,1.2596999999998777,-3.7681581177782544,3.7681581177782544,-150.0,-150.0,59.69999999987774
12598,1.2597999999998777,-3.7685994393627302,3.7685994393627302,-150.0,-150.0,59.79999999987773
12599,1.2598999999998777,-3.769043872472344,3.769043872472344,-150.0,-150.0,59.89999999987772
12600,1.2599999999998777,-3.7694914144253286,3.7694914144253286,-150.0,-150.0,59.99999999987771
12601,1.2600999999998777,-3.769941953825228,3.769941953825228,-150.0,-150.0,60.099999999877696
12602,1.2601999999998776,-3.7703954721298505,3.7703954721298505,-150.0,-150.0,60.19999999987768
12603,1.2602999999998776,-3.7708518538284,3.7708518538284,-150.0,-150.0,60.29999999987767
12604,1.2603999999998776,-3.771310956044845,3.771310956044845,-150.0,-150.0,60.399999999877664
12605,1.2604999999998776,-3.77177287470149,3.77177287470149,-150.0,-150.0,60.49999999987765
12606,1.2605999999998776,-3.772237497684409,3.772237497684409,-150.0,-150.0,60.59999999987764
12607,1.2606999999998776,-3.772704707668532,3.772704707668532,-150.0,-150.0,60.69999999987763
12608,1.2607999999998776,-3.7731744306695223,3.7731744306695223,-150.0,-150.0,60.79999999987762
12609,1.2608999999998776,-3.7736467122399686,3.7736467122399686,-150.0,-150.0,60.89999999987761
12610,1.2609999999998776,-3.774121356521688,3.774121356521688,-150.0,-150.0,60.999999999877595
12611,1.2610999999998775,-3.7745984025272574,3.7745984025272574,-150.0,-150.0,61.09999999987758
12612,1.2611999999998775,-3.775077745846313,3.775077745846313,-150.0,-150.0,61.199999999877576
12613,1.2612999999998775,-3.775559368789117,3.775559368789117,-150.0,-150.0,61.29999999987756
12614,1.2613999999998775,-3.776043176899386,3.776043176899386,-150.0,-150.0,61.39999999987755
12615,1.2614999999998775,-3.7765290647872463,3.7765290647872463,-150.0,-150.0,61.499999999877545
12616,1.2615999999998777,-3.777017156020527,3.777017156020527,-150.0,-150.0,61.59999999987775
12617,1.2616999999998777,-3.777507227857501,3.777507227857501,-150.0,-150.0,61.69999999987774
12618,1.2617999999998777,-3.77799927272201,3.77799927272201,-150.0,-150.0,61.79999999987773
12619,1.2618999999998777,-3.778493272968512,3.778493272968512,-150.0,-150.0,61.89999999987772
12620,1.2619999999998774,-3.778989158720876,3.778989158720876,-150.0,-150.0,61.99999999987749
12621,1.2620999999998774,-3.779486887100115,3.779486887100115,-150.0,-150.0,62.099999999877475
12622,1.2621999999998774,-3.7799863848520654,3.7799863848520654,-150.0,-150.0,62.19999999987746
12623,1.2622999999998774,-3.780487660394931,3.780487660394931,-150.0,-150.0,62.29999999987746
12624,1.2623999999998774,-3.780990618864789,3.780990618864789,-150.0,-150.0,62.399999999877444
12625,1.2624999999998774,-3.781495177834476,3.781495177834476,-150.0,-150.0,62.49999999987743
12626,1.2625999999998774,-3.7820013519792495,3.7820013519792495,-150.0,-150.0,62.59999999987742
12627,1.2626999999998774,-3.782509207495485,3.782509207495485,-150.0,-150.0,62.699999999877406
12628,1.2627999999998774,-3.7830185145427926,3.7830185145427926,-150.0,-150.0,62.7999999998774
12629,1.2628999999998771,-3.7835292895405472,3.7835292895405472,-150.0,-150.0,62.89999999987717
12630,1.262999999999877,-3.784041535814755,3.784041535814755,-150.0,-150.0,62.999999999877154
12631,1.263099999999877,-3.784555183071474,3.784555183071474,-150.0,-150.0,63.09999999987714
12632,1.2631999999998773,-3.785070170394405,3.785070170394405,-150.0,-150.0,63.199999999877356
12633,1.2632999999998773,-3.7855864896020943,3.7855864896020943,-150.0,-150.0,63.29999999987734
12634,1.2633999999998773,-3.7861040890042816,3.7861040890042816,-150.0,-150.0,63.39999999987733
12635,1.2634999999998773,-3.786622966891696,3.786622966891696,-150.0,-150.0,63.49999999987732
12636,1.2635999999998773,-3.78714303320137,3.78714303320137,-150.0,-150.0,63.59999999987731
12637,1.2636999999998773,-3.787664268852167,3.787664268852167,-150.0,-150.0,63.6999999998773
12638,1.2637999999998772,-3.788186705179065,3.788186705179065,-150.0,-150.0,63.799999999877286
12639,1.2638999999998772,-3.7887101728799033,3.7887101728799033,-150.0,-150.0,63.89999999987728
12640,1.2639999999998772,-3.7892347740488255,3.7892347740488255,-150.0,-150.0,63.99999999987727
12641,1.2640999999998772,-3.7897604060232855,3.7897604060232855,-150.0,-150.0,64.09999999987726
12642,1.2641999999998772,-3.7902870651728455,3.7902870651728455,-150.0,-150.0,64.19999999987725
12643,1.2642999999998772,-3.7908146821352022,3.7908146821352022,-150.0,-150.0,64.29999999987723
12644,1.2643999999998772,-3.791343212456272,3.791343212456272,-150.0,-150.0,64.39999999987722
12645,1.2644999999998772,-3.79187275170413,3.79187275170413,-150.0,-150.0,64.49999999987722
12646,1.2645999999998772,-3.792403089019742,3.792403089019742,-150.0,-150.0,64.5999999998772
12647,1.2646999999998771,-3.792934300504021,3.792934300504021,-150.0,-150.0,64.69999999987719
12648,1.2647999999998771,-3.793466380111151,3.793466380111151,-150.0,-150.0,64.79999999987717
12649,1.2648999999998771,-3.793999298884706,3.793999298884706,-150.0,-150.0,64.89999999987717
12650,1.2649999999998771,-3.794532907353569,3.794532907353569,-150.0,-150.0,64.99999999987716
12651,1.265099999999877,-3.795067339189888,3.795067339189888,-150.0,-150.0,65.09999999987714
12652,1.265199999999877,-3.795602474831634,3.795602474831634,-150.0,-150.0,65.19999999987714
12653,1.265299999999877,-3.7961383120297816,3.7961383120297816,-150.0,-150.0,65.29999999987712
12654,1.265399999999877,-3.7966748030893775,3.7966748030893775,-150.0,-150.0,65.39999999987711
12655,1.265499999999877,-3.797211913609752,3.797211913609752,-150.0,-150.0,65.4999999998771
12656,1.265599999999877,-3.797749732651865,3.797749732651865,-150.0,-150.0,65.59999999987708
12657,1.265699999999877,-3.798288080009587,3.798288080009587,-150.0,-150.0,65.69999999987708
12658,1.265799999999877,-3.79882699878234,3.79882699878234,-150.0,-150.0,65.79999999987707
12659,1.265899999999877,-3.799366513524135,3.799366513524135,-150.0,-150.0,65.89999999987705
12660,1.265999999999877,-3.799906553900316,3.799906553900316,-150.0,-150.0,65.99999999987705
12661,1.266099999999877,-3.80044705774722,3.80044705774722,-150.0,-150.0,66.09999999987704
12662,1.266199999999877,-3.8009880936431024,3.8009880936431024,-150.0,-150.0,66.19999999987702
12663,1.266299999999877,-3.801529570285164,3.801529570285164,-150.0,-150.0,66.29999999987702
12664,1.266399999999877,-3.802071514462035,3.802071514462035,-150.0,-150.0,66.399999999877
12665,1.266499999999877,-3.802613860792714,3.802613860792714,-150.0,-150.0,66.49999999987699
12666,1.266599999999877,-3.803156646151231,3.803156646151231,-150.0,-150.0,66.59999999987699
12667,1.266699999999877,-3.803699813121153,3.803699813121153,-150.0,-150.0,66.69999999987697
12668,1.266799999999877,-3.8042432585693127,3.8042432585693127,-150.0,-150.0,66.79999999987696
12669,1.266899999999877,-3.804787117371741,3.804787117371741,-150.0,-150.0,66.89999999987694
12670,1.266999999999877,-3.805331341596374,3.805331341596374,-150.0,-150.0,66.99999999987693
12671,1.2670999999998769,-3.8058758613036106,3.8058758613036106,-150.0,-150.0,67.09999999987693
12672,1.2671999999998769,-3.806420625521673,3.806420625521673,-150.0,-150.0,67.19999999987691
12673,1.2672999999998769,-3.806965726721295,3.806965726721295,-150.0,-150.0,67.2999999998769
12674,1.2673999999998768,-3.807511044947336,3.807511044947336,-150.0,-150.0,67.3999999998769
12675,1.2674999999998768,-3.808056627422536,3.808056627422536,-150.0,-150.0,67.49999999987688
12676,1.2675999999998768,-3.808602416821026,3.808602416821026,-150.0,-150.0,67.59999999987687
12677,1.2676999999998768,-3.809148441290576,3.809148441290576,-150.0,-150.0,67.69999999987687
12678,1.2677999999998768,-3.809694667951276,3.809694667951276,-150.0,-150.0,67.79999999987685
12679,1.2678999999998768,-3.810240995563488,3.810240995563488,-150.0,-150.0,67.89999999987684
12680,1.2679999999998768,-3.8107875868799344,3.8107875868799344,-150.0,-150.0,67.99999999987682
12681,1.2680999999998768,-3.8113342905835808,3.8113342905835808,-150.0,-150.0,68.09999999987681
12682,1.2681999999998768,-3.811881122066026,3.811881122066026,-150.0,-150.0,68.19999999987681
12683,1.2682999999998767,-3.812428073153184,3.812428073153184,-150.0,-150.0,68.29999999987679
12684,1.2683999999998767,-3.812975121100561,3.812975121100561,-150.0,-150.0,68.39999999987678
12685,1.2684999999998767,-3.813522309636735,3.813522309636735,-150.0,-150.0,68.49999999987676
12686,1.2685999999998767,-3.814069521576609,3.814069521576609,-150.0,-150.0,68.59999999987676
12687,1.2686999999998767,-3.814616803011913,3.814616803011913,-150.0,-150.0,68.69999999987675
12688,1.2687999999998767,-3.8151641810755583,3.8151641810755583,-150.0,-150.0,68.79999999987673
12689,1.268899999999877,-3.8157115862198343,3.8157115862198343,-150.0,-150.0,68.89999999987695
12690,1.268999999999877,-3.816259015541036,3.816259015541036,-150.0,-150.0,68.99999999987693
12691,1.2690999999998769,-3.816806434515868,3.816806434515868,-150.0,-150.0,69.09999999987693
12692,1.2691999999998766,-3.817353869828932,3.817353869828932,-150.0,-150.0,69.1999999998767
12693,1.2692999999998766,-3.8179013172464566,3.8179013172464566,-150.0,-150.0,69.29999999987669
12694,1.2693999999998766,-3.818448756497801,3.818448756497801,-150.0,-150.0,69.39999999987667
12695,1.2694999999998766,-3.8189961607406175,3.8189961607406175,-150.0,-150.0,69.49999999987666
12696,1.2695999999998766,-3.8195435401380657,3.8195435401380657,-150.0,-150.0,69.59999999987664
12697,1.2696999999998766,-3.820090834981703,3.820090834981703,-150.0,-150.0,69.69999999987664
12698,1.2697999999998766,-3.820638070228511,3.820638070228511,-150.0,-150.0,69.79999999987663
12699,1.2698999999998766,-3.821185272117467,3.821185272117467,-150.0,-150.0,69.89999999987661
12700,1.2699999999998766,-3.8217323720336895,3.8217323720336895,-150.0,-150.0,69.99999999987661
12701,1.2700999999998763,-3.822279348272073,3.822279348272073,-150.0,-150.0,70.09999999987637
12702,1.2701999999998763,-3.822826296476451,3.822826296476451,-150.0,-150.0,70.19999999987635
12703,1.2702999999998763,-3.823373071398202,3.823373071398202,-150.0,-150.0,70.29999999987635
12704,1.2703999999998763,-3.823919761462936,3.823919761462936,-150.0,-150.0,70.39999999987634
12705,1.2704999999998765,-3.824466310898917,3.824466310898917,-150.0,-150.0,70.49999999987655
12706,1.2705999999998765,-3.825012749509922,3.825012749509922,-150.0,-150.0,70.59999999987654
12707,1.2706999999998765,-3.825559029807964,3.825559029807964,-150.0,-150.0,70.69999999987652
12708,1.2707999999998765,-3.8261050929978144,3.8261050929978144,-150.0,-150.0,70.79999999987652
12709,1.2708999999998765,-3.826651106912296,3.826651106912296,-150.0,-150.0,70.89999999987651
12710,1.2709999999998765,-3.8271968936015255,3.8271968936015255,-150.0,-150.0,70.9999999998765
12711,1.2710999999998764,-3.8277424885494216,3.8277424885494216,-150.0,-150.0,71.09999999987649
12712,1.2711999999998764,-3.828287903649616,3.828287903649616,-150.0,-150.0,71.19999999987647
12713,1.2712999999998764,-3.828833110066181,3.828833110066181,-150.0,-150.0,71.29999999987646
12714,1.2713999999998764,-3.8293781264757913,3.8293781264757913,-150.0,-150.0,71.39999999987646
12715,1.2714999999998764,-3.829922974978985,3.829922974978985,-150.0,-150.0,71.49999999987644
12716,1.2715999999998764,-3.830467591920753,3.830467591920753,-150.0,-150.0,71.59999999987643
12717,1.2716999999998764,-3.8310120033114208,3.8310120033114208,-150.0,-150.0,71.69999999987641
12718,1.2717999999998764,-3.831556162025385,3.831556162025385,-150.0,-150.0,71.7999999998764
12719,1.2718999999998764,-3.832100034085571,3.832100034085571,-150.0,-150.0,71.8999999998764
12720,1.2719999999998763,-3.832643773646536,3.832643773646536,-150.0,-150.0,71.99999999987638
12721,1.2720999999998763,-3.833187195391716,3.833187195391716,-150.0,-150.0,72.09999999987637
12722,1.2721999999998763,-3.833730350340116,3.833730350340116,-150.0,-150.0,72.19999999987637
12723,1.2722999999998763,-3.8342732750712663,3.8342732750712663,-150.0,-150.0,72.29999999987635
12724,1.2723999999998763,-3.83481593241465,3.83481593241465,-150.0,-150.0,72.39999999987634
12725,1.2724999999998765,-3.835358293947964,3.835358293947964,-150.0,-150.0,72.49999999987655
12726,1.2725999999998765,-3.835900384432072,3.835900384432072,-150.0,-150.0,72.59999999987654
12727,1.2726999999998765,-3.836442183407729,3.836442183407729,-150.0,-150.0,72.69999999987652
12728,1.2727999999998765,-3.836983720252447,3.836983720252447,-150.0,-150.0,72.79999999987652
12729,1.2728999999998762,-3.83752493588493,3.83752493588493,-150.0,-150.0,72.89999999987629
12730,1.2729999999998762,-3.838065841474436,3.838065841474436,-150.0,-150.0,72.99999999987628
12731,1.2730999999998762,-3.83860649705095,3.83860649705095,-150.0,-150.0,73.09999999987626
12732,1.2731999999998762,-3.839146801852214,3.839146801852214,-150.0,-150.0,73.19999999987625
12733,1.2732999999998762,-3.839686779392603,3.839686779392603,-150.0,-150.0,73.29999999987623
12734,1.2733999999998762,-3.840226431320368,3.840226431320368,-150.0,-150.0,73.39999999987623
12735,1.2734999999998762,-3.8407657704973137,3.8407657704973137,-150.0,-150.0,73.49999999987622
12736,1.2735999999998762,-3.841304768752388,3.841304768752388,-150.0,-150.0,73.5999999998762
12737,1.2736999999998762,-3.841843463298096,3.841843463298096,-150.0,-150.0,73.6999999998762
12738,1.273799999999876,-3.842381795821687,3.842381795821687,-150.0,-150.0,73.79999999987596
12739,1.273899999999876,-3.8429198060088754,3.8429198060088754,-150.0,-150.0,73.89999999987596
12740,1.273999999999876,-3.843457442618975,3.843457442618975,-150.0,-150.0,73.99999999987594
12741,1.274099999999876,-3.843994733727126,3.843994733727126,-150.0,-150.0,74.09999999987616
12742,1.274199999999876,-3.844531705365536,3.844531705365536,-150.0,-150.0,74.19999999987614
12743,1.274299999999876,-3.8450682332884334,3.8450682332884334,-150.0,-150.0,74.29999999987614
12744,1.274399999999876,-3.845604472479264,3.845604472479264,-150.0,-150.0,74.39999999987612
12745,1.274499999999876,-3.846140325096232,3.846140325096232,-150.0,-150.0,74.49999999987611
12746,1.274599999999876,-3.846675810386204,3.846675810386204,-150.0,-150.0,74.5999999998761
12747,1.274699999999876,-3.847210902396117,3.847210902396117,-150.0,-150.0,74.69999999987608
12748,1.274799999999876,-3.847745587917891,3.847745587917891,-150.0,-150.0,74.79999999987608
12749,1.274899999999876,-3.8482799756666335,3.8482799756666335,-150.0,-150.0,74.89999999987606
12750,1.274999999999876,-3.848813906902525,3.848813906902525,-150.0,-150.0,74.99999999987605
12751,1.275099999999876,-3.849347444466419,3.849347444466419,-150.0,-150.0,75.09999999987605
12752,1.275199999999876,-3.8498806323244392,3.8498806323244392,-150.0,-150.0,75.19999999987603
12753,1.275299999999876,-3.850413419450481,3.850413419450481,-150.0,-150.0,75.29999999987602
12754,1.275399999999876,-3.850945795393894,3.850945795393894,-150.0,-150.0,75.39999999987602
12755,1.275499999999876,-3.851477717692093,3.851477717692093,-150.0,-150.0,75.499999999876
12756,1.275599999999876,-3.852009285933138,3.852009285933138,-150.0,-150.0,75.59999999987599
12757,1.275699999999876,-3.85254046246444,3.85254046246444,-150.0,-150.0,75.69999999987598
12758,1.275799999999876,-3.8530712183494447,3.8530712183494447,-150.0,-150.0,75.79999999987596
12759,1.275899999999876,-3.853601542395719,3.853601542395719,-150.0,-150.0,75.89999999987596
12760,1.275999999999876,-3.854131508206074,3.854131508206074,-150.0,-150.0,75.99999999987594
12761,1.276099999999876,-3.854660989756722,3.854660989756722,-150.0,-150.0,76.09999999987593
12762,1.276199999999876,-3.855190050642792,3.855190050642792,-150.0,-150.0,76.19999999987614
12763,1.276299999999876,-3.855718731504343,3.855718731504343,-150.0,-150.0,76.29999999987614
12764,1.276399999999876,-3.856246973998344,3.856246973998344,-150.0,-150.0,76.39999999987612
12765,1.2764999999998758,-3.856774741800232,3.856774741800232,-150.0,-150.0,76.49999999987588
12766,1.2765999999998758,-3.8573021411011768,3.8573021411011768,-150.0,-150.0,76.59999999987588
12767,1.2766999999998758,-3.857829066114876,3.857829066114876,-150.0,-150.0,76.69999999987587
12768,1.2767999999998758,-3.8583555780988457,3.8583555780988457,-150.0,-150.0,76.79999999987585
12769,1.2768999999998758,-3.858881633897895,3.858881633897895,-150.0,-150.0,76.89999999987585
12770,1.2769999999998758,-3.8594072752029343,3.8594072752029343,-150.0,-150.0,76.99999999987584
12771,1.2770999999998758,-3.8599324823589294,3.8599324823589294,-150.0,-150.0,77.09999999987582
12772,1.2771999999998758,-3.860457168194061,3.860457168194061,-150.0,-150.0,77.19999999987581
12773,1.2772999999998758,-3.860981507800575,3.860981507800575,-150.0,-150.0,77.29999999987581
12774,1.2773999999998755,-3.861505362861342,3.861505362861342,-150.0,-150.0,77.39999999987558
12775,1.2774999999998755,-3.862028761322026,3.862028761322026,-150.0,-150.0,77.49999999987556
12776,1.2775999999998755,-3.862551707628927,3.862551707628927,-150.0,-150.0,77.59999999987555
12777,1.2776999999998755,-3.86307419233794,3.86307419233794,-150.0,-150.0,77.69999999987553
12778,1.2777999999998757,-3.8635962707174585,3.8635962707174585,-150.0,-150.0,77.79999999987575
12779,1.2778999999998757,-3.864117788499476,3.864117788499476,-150.0,-150.0,77.89999999987573
12780,1.2779999999998757,-3.8646389044329,3.8646389044329,-150.0,-150.0,77.99999999987573
12781,1.2780999999998757,-3.865159604492751,3.865159604492751,-150.0,-150.0,78.0999999998757
12782,1.2781999999998757,-3.865679832777369,3.865679832777369,-150.0,-150.0,78.1999999998757
12783,1.2782999999998756,-3.866199525623093,3.866199525623093,-150.0,-150.0,78.2999999998757
12784,1.2783999999998756,-3.866718863171332,3.866718863171332,-150.0,-150.0,78.39999999987567
12785,1.2784999999998756,-3.867237681818248,3.867237681818248,-150.0,-150.0,78.49999999987567
12786,1.2785999999998756,-3.867756019718572,3.867756019718572,-150.0,-150.0,78.59999999987566
12787,1.2786999999998756,-3.8682739026484514,3.8682739026484514,-150.0,-150.0,78.69999999987564
12788,1.2787999999998756,-3.868791312960316,3.868791312960316,-150.0,-150.0,78.79999999987564
12789,1.2788999999998756,-3.8693082685566833,3.8693082685566833,-150.0,-150.0,78.89999999987563
12790,1.2789999999998756,-3.869824719355993,3.869824719355993,-150.0,-150.0,78.99999999987561
12791,1.2790999999998756,-3.870340698376285,3.870340698376285,-150.0,-150.0,79.0999999998756
12792,1.2791999999998755,-3.870856240361115,3.870856240361115,-150.0,-150.0,79.19999999987559
12793,1.2792999999998755,-3.871371285621874,3.871371285621874,-150.0,-150.0,79.29999999987558
12794,1.2793999999998755,-3.871885821384219,3.871885821384219,-150.0,-150.0,79.39999999987558
12795,1.2794999999998755,-3.872399951009061,3.872399951009061,-150.0,-150.0,79.49999999987556
12796,1.2795999999998755,-3.872913538000988,3.872913538000988,-150.0,-150.0,79.59999999987555
12797,1.2796999999998755,-3.873426678939786,3.873426678939786,-150.0,-150.0,79.69999999987553
12798,1.2797999999998757,-3.873939326105542,3.873939326105542,-150.0,-150.0,79.79999999987575
12799,1.2798999999998757,-3.8744515187668807,3.8744515187668807,-150.0,-150.0,79.89999999987573
12800,1.2799999999998757,-3.8749632121697672,3.8749632121697672,-150.0,-150.0,79.99999999987573
12801,1.2800999999998754,-3.8754743485957617,3.8754743485957617,-150.0,-150.0,80.0999999998755
12802,1.2801999999998754,-3.875985076778041,3.875985076778041,-150.0,-150.0,80.19999999987549
12803,1.2802999999998754,-3.8764953412926446,3.8764953412926446,-150.0,-150.0,80.29999999987547
12804,1.2803999999998754,-3.877005090677033,3.877005090677033,-150.0,-150.0,80.39999999987546
12805,1.2804999999998754,-3.877514334181392,3.877514334181392,-150.0,-150.0,80.49999999987546
12806,1.2805999999998754,-3.878023151829449,3.878023151829449,-150.0,-150.0,80.59999999987544
12807,1.2806999999998754,-3.878531404222392,3.878531404222392,-150.0,-150.0,80.69999999987543
12808,1.2807999999998754,-3.879039217255489,3.879039217255489,-150.0,-150.0,80.79999999987541
12809,1.2808999999998754,-3.87954652759307,3.87954652759307,-150.0,-150.0,80.8999999998754
12810,1.2809999999998751,-3.880053366744397,3.880053366744397,-150.0,-150.0,80.99999999987517
12811,1.2810999999998751,-3.880559693064234,3.880559693064234,-150.0,-150.0,81.09999999987517
12812,1.281199999999875,-3.881065478509614,3.881065478509614,-150.0,-150.0,81.19999999987515
12813,1.281299999999875,-3.8815708817102657,3.8815708817102657,-150.0,-150.0,81.29999999987514
12814,1.2813999999998753,-3.8820757238717456,3.8820757238717456,-150.0,-150.0,81.39999999987535
12815,1.2814999999998753,-3.8825800615375914,3.8825800615375914,-150.0,-150.0,81.49999999987534
12816,1.2815999999998753,-3.8830839367509102,3.8830839367509102,-150.0,-150.0,81.59999999987532
12817,1.2816999999998753,-3.883587317817786,3.883587317817786,-150.0,-150.0,81.69999999987532
12818,1.2817999999998753,-3.8840901814747135,3.8840901814747135,-150.0,-150.0,81.79999999987531
12819,1.2818999999998753,-3.884592558452834,3.884592558452834,-150.0,-150.0,81.89999999987529
12820,1.2819999999998752,-3.88509447353987,3.88509447353987,-150.0,-150.0,81.99999999987529
12821,1.2820999999998752,-3.885595859224352,3.885595859224352,-150.0,-150.0,82.09999999987528
12822,1.2821999999998752,-3.886096702525492,3.886096702525492,-150.0,-150.0,82.19999999987526
12823,1.2822999999998752,-3.886597064077121,3.886597064077121,-150.0,-150.0,82.29999999987525
12824,1.2823999999998752,-3.887097031266745,3.887097031266745,-150.0,-150.0,82.39999999987523
12825,1.2824999999998752,-3.887596424971504,3.887596424971504,-150.0,-150.0,82.49999999987523
12826,1.2825999999998752,-3.8880953111009,3.8880953111009,-150.0,-150.0,82.59999999987522
12827,1.2826999999998752,-3.888593737698981,3.888593737698981,-150.0,-150.0,82.6999999998752
12828,1.2827999999998752,-3.889091662278984,3.889091662278984,-150.0,-150.0,82.7999999998752
12829,1.2828999999998751,-3.8895890456366575,3.8895890456366575,-150.0,-150.0,82.89999999987518
12830,1.2829999999998751,-3.890085965867868,3.890085965867868,-150.0,-150.0,82.99999999987517
12831,1.2830999999998751,-3.890582367379695,3.890582367379695,-150.0,-150.0,83.09999999987517
12832,1.283199999999875,-3.8910782928663967,3.8910782928663967,-150.0,-150.0,83.19999999987515
12833,1.283299999999875,-3.891573694716122,3.891573694716122,-150.0,-150.0,83.29999999987514
12834,1.283399999999875,-3.892068604573781,3.892068604573781,-150.0,-150.0,83.39999999987513
12835,1.283499999999875,-3.892563051406829,3.892563051406829,-150.0,-150.0,83.49999999987512
12836,1.283599999999875,-3.893056915460941,3.893056915460941,-150.0,-150.0,83.59999999987511
12837,1.283699999999875,-3.8935503549419175,3.8935503549419175,-150.0,-150.0,83.6999999998751
12838,1.283799999999875,-3.894043275611175,3.894043275611175,-150.0,-150.0,83.79999999987508
12839,1.283899999999875,-3.8945357001736025,3.8945357001736025,-150.0,-150.0,83.89999999987508
12840,1.283999999999875,-3.895027606562112,3.895027606562112,-150.0,-150.0,83.99999999987506
12841,1.284099999999875,-3.8955189886616046,3.8955189886616046,-150.0,-150.0,84.09999999987505
12842,1.284199999999875,-3.896009946501723,3.896009946501723,-150.0,-150.0,84.19999999987505
12843,1.284299999999875,-3.896500301595516,3.896500301595516,-150.0,-150.0,84.29999999987503
12844,1.284399999999875,-3.896990187176408,3.896990187176408,-150.0,-150.0,84.39999999987502
12845,1.284499999999875,-3.8974796168569714,3.8974796168569714,-150.0,-150.0,84.499999999875
12846,1.284599999999875,-3.897968558739082,3.897968558739082,-150.0,-150.0,84.599999999875
12847,1.284699999999875,-3.8984569146737447,3.8984569146737447,-150.0,-150.0,84.69999999987499
12848,1.284799999999875,1270.353220506992,-1270.353220506992,-50.0,-50.0,84.79999999987497
12849,1.284899999999875,1072.0915393321093,-1072.0915393321093,-50.0,-50.0,84.89999999987496
12850,1.284999999999875,905.3715091667528,-905.3715091667528,-50.0,-50.0,84.99999999987496
12851,1.285099999999875,765.1741894372569,-765.1741894372569,-50.0,-50.0,85.09999999987494
12852,1.2851999999998749,647.2792601150023,-647.2792601150023,-50.0,-50.0,85.19999999987493
12853,1.2852999999998749,548.1379438931093,-548.1379438931093,-50.0,-50.0,85.29999999987493
12854,1.2853999999998749,464.7661494974877,-464.7661494974877,-50.0,-50.0,85.39999999987491
12855,1.2854999999998749,394.6546181398437,-394.6546181398437,-50.0,-50.0,85.4999999998749
12856,1.2855999999998748,335.69336753877417,-335.69336753877417,-50.0,-50.0,85.59999999987488
12857,1.2856999999998748,286.10815853820185,-286.10815853820185,-50.0,-50.0,85.69999999987488
12858,1.2857999999998748,244.40707118376903,-244.40707118376903,-50.0,-50.0,85.79999999987487
12859,1.2858999999998748,209.3355817714739,-209.3355817714739,-50.0,-50.0,85.89999999987485
12860,1.2859999999998748,179.83878809088833,-179.83878809088833,-50.0,-50.0,85.99999999987485
12861,1.2860999999998748,155.02964530837696,-155.02964530837696,-50.0,-50.0,86.09999999987483
12862,1.2861999999998748,134.16225629117807,-134.16225629117807,-50.0,-50.0,86.19999999987482
12863,1.2862999999998748,116.60941201119712,-116.60941201119712,-50.0,-50.0,86.29999999987481
12864,1.2863999999998748,101.84370567584163,-101.84370567584163,-50.0,-50.0,86.3999999998748
12865,1.2864999999998747,89.42165234038517,-89.42165234038517,-50.0,-50.0,86.49999999987479
12866,1.2865999999998747,78.97033476476989,-78.97033476476989,-50.0,-50.0,86.59999999987478
12867,1.2866999999998747,70.17617488371704,-70.17617488371704,-50.0,-50.0,86.69999999987476
12868,1.2867999999998747,62.775491529337934,-62.775491529337934,-50.0,-50.0,86.79999999987476
12869,1.2868999999998747,56.54656072604309,-56.54656072604309,-50.0,-50.0,86.89999999987475
12870,1.286999999999875,51.302939599852415,-51.302939599852415,-50.0,-50.0,86.99999999987496
12871,1.287099999999875,46.8878522105949,-46.8878522105949,-50.0,-50.0,87.09999999987494
12872,1.2871999999998749,43.16946914565345,-43.16946914565345,-50.0,-50.0,87.19999999987493
12873,1.2872999999998749,40.03693788872783,-40.03693788872783,-50.0,-50.0,87.29999999987493
12874,1.2873999999998746,37.397044687926936,-37.397044687926936,-50.0,-50.0,87.3999999998747
12875,1.2874999999998746,35.171408183597535,-35.171408183597535,-50.0,-50.0,87.49999999987467
12876,1.2875999999998746,33.294119202940486,-33.294119202940486,-50.0,-50.0,87.59999999987467
12877,1.2876999999998746,31.70975598035845,-31.70975598035845,-50.0,-50.0,87.69999999987465
12878,1.2877999999998746,30.37171561561809,-30.37171561561809,-50.0,-50.0,87.79999999987464
12879,1.2878999999998746,29.24081072292048,-29.24081072292048,-50.0,-50.0,87.89999999987464
12880,1.2879999999998746,28.284089380447856,-28.284089380447856,-50.0,-50.0,87.99999999987462
12881,1.2880999999998746,27.473843068869247,-27.473843068869247,-50.0,-50.0,88.09999999987461
12882,1.2881999999998746,26.78677226990465,-26.78677226990465,-50.0,-50.0,88.1999999998746
12883,1.2882999999998743,26.203284856967198,-26.203284856967198,-50.0,-50.0,88.29999999987437
12884,1.2883999999998743,25.70690613854763,-25.70690613854763,-50.0,-50.0,88.39999999987435
12885,1.2884999999998743,25.283783290447545,-25.283783290447545,-50.0,-50.0,88.49999999987435
12886,1.2885999999998743,24.922267272090902,-24.922267272090902,-50.0,-50.0,88.59999999987434
12887,1.2886999999998745,24.612562819126577,-24.612562819126577,-50.0,-50.0,88.69999999987455
12888,1.2887999999998745,24.34643341606525,-24.34643341606525,-50.0,-50.0,88.79999999987453
12889,1.2888999999998745,24.11695302045435,-24.11695302045435,-50.0,-50.0,88.89999999987452
12890,1.2889999999998745,23.91829761479572,-23.91829761479572,-50.0,-50.0,88.99999999987452
12891,1.2890999999998745,23.745570216573768,-23.745570216573768,-50.0,-50.0,89.0999999998745
12892,1.2891999999998744,23.594652363199867,-23.594652363199867,-50.0,-50.0,89.19999999987449
12893,1.2892999999998744,23.462081374688687,-23.462081374688687,-50.0,-50.0,89.29999999987447
12894,1.2893999999998744,23.34494590488666,-23.34494590488666,-50.0,-50.0,89.39999999987447
12895,1.2894999999998744,23.240797273387425,-23.240797273387425,-50.0,-50.0,89.49999999987446
12896,1.2895999999998744,23.147576582873,-23.147576582873,-50.0,-50.0,89.59999999987444
12897,1.2896999999998744,23.06355262929555,-23.06355262929555,-50.0,-50.0,89.69999999987444
12898,1.2897999999998744,22.987269517178923,-22.987269517178923,-50.0,-50.0,89.79999999987443
12899,1.2898999999998744,22.917503122386783,-22.917503122386783,-50.0,-50.0,89.89999999987441
12900,1.2899999999998744,22.85322415663658,-22.85322415663658,-50.0,-50.0,89.9999999998744
12901,1.2900999999998743,22.79356699840602,-22.79356699840602,-50.0,-50.0,90.0999999998744
12902,1.2901999999998743,22.737803968829784,-22.737803968829784,-50.0,-50.0,90.19999999987438
12903,1.2902999999998743,22.68532260800874,-22.68532260800874,-50.0,-50.0,90.29999999987437
12904,1.2903999999998743,22.63560855768984,-22.63560855768984,-50.0,-50.0,90.39999999987435
12905,1.2904999999998743,22.58822890488162,-22.58822890488162,-50.0,-50.0,90.49999999987435
12906,1.2905999999998743,22.54281970312342,-22.54281970312342,-50.0,-50.0,90.59999999987434
12907,1.2906999999998745,22.499074853117687,-22.499074853117687,-50.0,-50.0,90.69999999987455
12908,1.2907999999998745,22.45673726999653,-22.45673726999653,-50.0,-50.0,90.79999999987453
12909,1.2908999999998745,22.415590390315806,-22.415590390315806,-50.0,-50.0,90.89999999987452
12910,1.2909999999998742,22.375452198795,-22.375452198795,-50.0,-50.0,90.99999999987429
12911,1.2910999999998742,22.33616952261849,-22.33616952261849,-50.0,-50.0,91.09999999987429
12912,1.2911999999998742,22.297613800292364,-22.297613800292364,-50.0,-50.0,91.19999999987427
12913,1.2912999999998742,22.259676853828523,-22.259676853828523,-50.0,-50.0,91.29999999987426
12914,1.2913999999998742,22.22226771039854,-22.22226771039854,-50.0,-50.0,91.39999999987425
12915,1.2914999999998742,22.18530977406035,-22.18530977406035,-50.0,-50.0,91.49999999987423
12916,1.2915999999998742,22.14873852735318,-22.14873852735318,-50.0,-50.0,91.59999999987423
12917,1.2916999999998742,22.11249995411792,-22.11249995411792,-50.0,-50.0,91.69999999987422
12918,1.2917999999998742,22.07654855319833,-22.07654855319833,-50.0,-50.0,91.7999999998742
12919,1.291899999999874,22.04084606514722,-22.04084606514722,-50.0,-50.0,91.89999999987397
12920,1.291999999999874,22.00536007766,-22.00536007766,-50.0,-50.0,91.99999999987396
12921,1.292099999999874,21.97006363459408,-21.97006363459408,-50.0,-50.0,92.09999999987394
12922,1.292199999999874,21.934933866564936,-21.934933866564936,-50.0,-50.0,92.19999999987394
12923,1.292299999999874,21.899951725909077,-21.899951725909077,-50.0,-50.0,92.29999999987415
12924,1.292399999999874,21.865100970028436,-21.865100970028436,-50.0,-50.0,92.39999999987414
12925,1.292499999999874,21.830368079777852,-21.830368079777852,-50.0,-50.0,92.49999999987412
12926,1.292599999999874,21.79574156897836,-21.79574156897836,-50.0,-50.0,92.59999999987411
12927,1.292699999999874,21.76121180925768,-21.76121180925768,-50.0,-50.0,92.69999999987411
12928,1.292799999999874,21.726770758589648,-21.726770758589648,-50.0,-50.0,92.79999999987409
12929,1.292899999999874,21.69241157375488,-21.69241157375488,-50.0,-50.0,92.89999999987408
12930,1.292999999999874,21.658128550092357,-21.658128550092357,-50.0,-50.0,92.99999999987408
12931,1.293099999999874,21.623916787968824,-21.623916787968824,-50.0,-50.0,93.09999999987406
12932,1.293199999999874,21.58977225383556,-21.58977225383556,-50.0,-50.0,93.19999999987405
12933,1.293299999999874,21.555691451946227,-21.555691451946227,-50.0,-50.0,93.29999999987405
12934,1.293399999999874,21.521671526084635,-21.521671526084635,-50.0,-50.0,93.39999999987403
12935,1.293499999999874,21.48771000639975,-21.48771000639975,-50.0,-50.0,93.49999999987402
12936,1.293599999999874,21.45380487308296,-21.45380487308296,-50.0,-50.0,93.599999999874
12937,1.293699999999874,21.41995438517697,-21.41995438517697,-50.0,-50.0,93.699999999874
12938,1.293799999999874,21.38615701733614,-21.38615701733614,-50.0,-50.0,93.79999999987399
12939,1.293899999999874,21.35241138834946,-21.35241138834946,-50.0,-50.0,93.89999999987397
12940,1.293999999999874,21.31871641856033,-21.31871641856033,-50.0,-50.0,93.99999999987396
12941,1.294099999999874,21.28507124756566,-21.28507124756566,-50.0,-50.0,94.09999999987394
12942,1.294199999999874,21.251475178761527,-21.251475178761527,-50.0,-50.0,94.19999999987394
12943,1.294299999999874,21.217927641261337,-21.217927641261337,-50.0,-50.0,94.29999999987415
12944,1.294399999999874,21.184428077758135,-21.184428077758135,-50.0,-50.0,94.39999999987414
12945,1.294499999999874,21.150976024583137,-21.150976024583137,-50.0,-50.0,94.49999999987413
12946,1.294599999999874,21.11757104570193,-21.11757104570193,-50.0,-50.0,94.59999999987411
12947,1.2946999999998738,21.08421277236917,-21.08421277236917,-50.0,-50.0,94.69999999987388
12948,1.2947999999998738,21.050900846466877,-21.050900846466877,-50.0,-50.0,94.79999999987388
12949,1.2948999999998738,21.01763486587902,-21.01763486587902,-50.0,-50.0,94.89999999987387
12950,1.2949999999998738,20.984414449109668,-20.984414449109668,-50.0,-50.0,94.99999999987385
12951,1.2950999999998738,20.951239517659246,-20.951239517659246,-50.0,-50.0,95.09999999987384
12952,1.2951999999998738,20.918109955562777,-20.918109955562777,-50.0,-50.0,95.19999999987382
12953,1.2952999999998738,20.885025687887197,-20.885025687887197,-50.0,-50.0,95.29999999987382
12954,1.2953999999998738,20.85198661613576,-20.85198661613576,-50.0,-50.0,95.39999999987381
12955,1.2954999999998738,20.81899260235897,-20.81899260235897,-50.0,-50.0,95.4999999998738
12956,1.2955999999998735,20.78604354854137,-20.78604354854137,-50.0,-50.0,95.59999999987356
12957,1.2956999999998735,20.753139346728496,-20.753139346728496,-50.0,-50.0,95.69999999987355
12958,1.2957999999998735,20.72027984579753,-20.72027984579753,-50.0,-50.0,95.79999999987353
12959,1.2958999999998737,20.68746486271533,-20.68746486271533,-50.0,-50.0,95.89999999987376
12960,1.2959999999998737,20.65469417122284,-20.65469417122284,-50.0,-50.0,95.99999999987374
12961,1.2960999999998737,20.621967607227816,-20.621967607227816,-50.0,-50.0,96.09999999987373
12962,1.2961999999998737,20.589285214341896,-20.589285214341896,-50.0,-50.0,96.19999999987373
12963,1.2962999999998737,20.556646995334244,-20.556646995334244,-50.0,-50.0,96.2999999998737
12964,1.2963999999998737,20.524053008677868,-20.524053008677868,-50.0,-50.0,96.3999999998737
12965,1.2964999999998736,20.491503185094636,-20.491503185094636,-50.0,-50.0,96.4999999998737
12966,1.2965999999998736,20.458997438677702,-20.458997438677702,-50.0,-50.0,96.59999999987367
12967,1.2966999999998736,20.426535709566075,-20.426535709566075,-50.0,-50.0,96.69999999987367
12968,1.2967999999998736,20.39411791503224,-20.39411791503224,-50.0,-50.0,96.79999999987365
12969,1.2968999999998736,20.361743934459124,-20.361743934459124,-50.0,-50.0,96.89999999987364
12970,1.2969999999998736,20.32941361340737,-20.32941361340737,-50.0,-50.0,96.99999999987364
12971,1.2970999999998736,20.29712675478524,-20.29712675478524,-50.0,-50.0,97.09999999987362
12972,1.2971999999998736,20.264883290291205,-20.264883290291205,-50.0,-50.0,97.19999999987361
12973,1.2972999999998736,20.232683261106438,-20.232683261106438,-50.0,-50.0,97.29999999987359
12974,1.2973999999998735,20.200526700988576,-20.200526700988576,-50.0,-50.0,97.39999999987359
12975,1.2974999999998735,20.16841368017464,-20.16841368017464,-50.0,-50.0,97.49999999987358
12976,1.2975999999998735,20.13634410391757,-20.13634410391757,-50.0,-50.0,97.59999999987356
12977,1.2976999999998735,20.10431791286432,-20.10431791286432,-50.0,-50.0,97.69999999987355
12978,1.2977999999998735,20.072335050702957,-20.072335050702957,-50.0,-50.0,97.79999999987355
12979,1.2978999999998737,20.04039543404888,-20.04039543404888,-50.0,-50.0,97.89999999987376
12980,1.2979999999998737,20.008498943317417,-20.008498943317417,-50.0,-50.0,97.99999999987375
12981,1.2980999999998737,19.97664542357024,-19.97664542357024,-50.0,-50.0,98.09999999987373
12982,1.2981999999998737,19.944834688608157,-19.944834688608157,-50.0,-50.0,98.19999999987373
12983,1.2982999999998734,19.913066730455537,-19.913066730455537,-50.0,-50.0,98.29999999987349
12984,1.2983999999998734,19.881341576701484,-19.881341576701484,-50.0,-50.0,98.39999999987347
12985,1.2984999999998734,19.84965927577164,-19.84965927577164,-50.0,-50.0,98.49999999987347
12986,1.2985999999998734,19.818019873703243,-19.818019873703243,-50.0,-50.0,98.59999999987346
12987,1.2986999999998734,19.78642326277368,-19.78642326277368,-50.0,-50.0,98.69999999987344
12988,1.2987999999998734,19.75486939672112,-19.75486939672112,-50.0,-50.0,98.79999999987344
12989,1.2988999999998734,19.723358216944447,-19.723358216944447,-50.0,-50.0,98.89999999987342
12990,1.2989999999998734,19.69188963341188,-19.69188963341188,-50.0,-50.0,98.99999999987341
12991,1.2990999999998734,19.66046352160401,-19.66046352160401,-50.0,-50.0,99.0999999998734
12992,1.2991999999998731,19.629079720534023,-19.629079720534023,-50.0,-50.0,99.19999999987317
12993,1.2992999999998731,19.59773806516882,-19.59773806516882,-50.0,-50.0,99.29999999987315
12994,1.299399999999873,19.566438587623445,-19.566438587623445,-50.0,-50.0,99.39999999987315
12995,1.299499999999873,19.535181308437792,-19.535181308437792,-50.0,-50.0,99.49999999987314
12996,1.2995999999998733,19.503966290921017,-19.503966290921017,-50.0,-50.0,99.59999999987335
12997,1.2996999999998733,19.472793537208418,-19.472793537208418,-50.0,-50.0,99.69999999987334
12998,1.2997999999998733,19.44166294837216,-19.44166294837216,-50.0,-50.0,99.79999999987332
12999,1.2998999999998733,19.410574479063666,-19.410574479063666,-50.0,-50.0,99.89999999987332
13000,1.2999999999998733,19.37952806401639,-19.37952806401639,-50.0,-50.0,99.9999999998733
